id;grupo_long;grupo_lat;lon_minima;lon_maxima;lat_minima;lat_maxima;ccentro_lon;ccentro_lat;pcentro_lon;pcentro_lat;cant_puntos;cant_vehiculos;vel_min;vel_max;vel_prom;tiempo;grupo;ciclo
10385;67;78;12,4998;12,5001;41,9031;41,9034;12,49995;41,90325;12,49999114;41,90332727;5;1;8,39;8,39;8;12/2/2014 12:35;1;12
10519;67;79;12,4998;12,5001;41,9034;41,9037;12,49995;41,90355;12,49984304;41,90344485;3;1;8,38;8,39;8;12/2/2014 12:35;1;12
9382;2;71;12,4803;12,4806;41,901;41,9013;12,48045;41,90115;12,48037455;41,90111343;26;3;0,33;16,17;6;12/2/2014 12:35;1;12
10661;75;80;12,5022;12,5025;41,9037;41,904;12,50235;41,90385;12,50232332;41,90389448;24;2;9,4;23,4;15;12/2/2014 12:35;1;12
7704;66;58;12,4995;12,4998;41,8971;41,8974;12,49965;41,89725;12,49960527;41,89717423;25;2;0,41;24,62;15;12/2/2014 12:35;1;12
12826;96;96;12,5085;12,5088;41,9085;41,9088;12,50865;41,90865;12,50864196;41,90864468;7;1;7,75;12,25;10;12/2/2014 12:35;1;12
9791;9;74;12,4824;12,4827;41,9019;41,9022;12,48255;41,90205;12,48254665;41,90206718;12;2;1,7;5,6;4;12/2/2014 12:35;1;12
9792;10;74;12,4827;12,483;41,9019;41,9022;12,48285;41,90205;12,48284636;41,90214043;14;2;1,78;5,62;4;12/2/2014 12:35;1;12
9793;11;74;12,483;12,4833;41,9019;41,9022;12,48315;41,90205;12,48305106;41,90219021;4;2;1,79;5,63;4;12/2/2014 12:35;1;12
9927;11;75;12,483;12,4833;41,9022;41,9025;12,48315;41,90235;12,48318753;41,9022234;8;2;1,79;5,63;4;12/2/2014 12:35;1;12
9928;12;75;12,4833;12,4836;41,9022;41,9025;12,48345;41,90235;12,48343773;41,90228424;14;2;1,8;5,65;4;12/2/2014 12:35;1;12
9929;13;75;12,4836;12,4839;41,9022;41,9025;12,48375;41,90235;12,48376029;41,90236703;14;2;1,81;5,7;4;12/2/2014 12:35;1;12
95;95;1;12,5082;12,5085;41,88;41,8803;12,50835;41,88015;12,50840791;41,88019139;20;1;1,5;9,2;5;12/2/2014 12:35;1;12
10928;74;82;12,5019;12,5022;41,9043;41,9046;12,50205;41,90445;12,5020566;41,90449753;15;2;8,75;17,66;13;12/2/2014 12:35;1;12
4693;3;36;12,4806;12,4809;41,8905;41,8908;12,48075;41,89065;12,48065071;41,8906234;11;2;6,7;26,7;16;12/2/2014 12:35;1;12
9991;75;75;12,5022;12,5025;41,9022;41,9025;12,50235;41,90235;12,5023167;41,90240563;8;1;0,5;9,77;8;12/2/2014 12:35;1;12
9930;14;75;12,4839;12,4842;41,9022;41,9025;12,48405;41,90235;12,48406962;41,90243924;12;2;1,88;5,75;4;12/2/2014 12:35;1;12
9931;15;75;12,4842;12,4845;41,9022;41,9025;12,48435;41,90235;12,48426134;41,90248593;4;2;1,94;5,76;4;12/2/2014 12:35;1;12
10065;15;76;12,4842;12,4845;41,9025;41,9028;12,48435;41,90265;12,48439503;41,90251923;8;2;1,94;5,77;4;12/2/2014 12:35;1;12
10066;16;76;12,4845;12,4848;41,9025;41,9028;12,48465;41,90265;12,48464161;41,90257996;14;2;1,95;5,79;4;12/2/2014 12:35;1;12
10067;17;76;12,4848;12,4851;41,9025;41,9028;12,48495;41,90265;12,48494105;41,90265014;12;2;1,97;5,81;4;12/2/2014 12:35;1;12
10654;68;80;12,5001;12,5004;41,9037;41,904;12,50025;41,90385;12,50032437;41,90394306;4;1;8,17;8,18;8;12/2/2014 12:35;1;12
10655;69;80;12,5004;12,5007;41,9037;41,904;12,50055;41,90385;12,50050763;41,90379365;6;1;8,16;8,17;8;12/2/2014 12:35;1;12
10389;71;78;12,501;12,5013;41,9031;41,9034;12,50115;41,90325;12,50115639;41,90327406;8;1;8,05;8,08;8;12/2/2014 12:35;1;12
10390;72;78;12,5013;12,5016;41,9031;41,9034;12,50145;41,90325;12,50133822;41,90312343;2;1;8,03;8,03;8;12/2/2014 12:35;1;12
10068;18;76;12,4851;12,4854;41,9025;41,9028;12,48525;41,90265;12,48523923;41,90272477;14;2;2;5,84;4;12/2/2014 12:35;1;12
10205;21;77;12,486;12,4863;41,9028;41,9031;12,48615;41,90295;12,48620701;41,90290128;13;4;0,43;32,65;8;12/2/2014 12:35;1;12
10927;73;82;12,5016;12,5019;41,9043;41,9046;12,50175;41,90445;12,50184949;41,90433629;9;2;8,71;14,38;12;12/2/2014 12:35;1;12
10479;27;79;12,4878;12,4881;41,9034;41,9037;12,48795;41,90355;12,48796695;41,90344864;57;4;0,24;29,38;12;12/2/2014 12:35;1;12
7703;65;58;12,4992;12,4995;41,8971;41,8974;12,49935;41,89725;12,49942128;41,89733378;18;2;0,34;24,27;14;12/2/2014 12:35;1;12
10796;76;81;12,5025;12,5028;41,904;41,9043;12,50265;41,90415;12,5026571;41,90409438;12;2;9,36;22,07;16;12/2/2014 12:35;1;12
12825;95;96;12,5082;12,5085;41,9085;41,9088;12,50835;41,90865;12,508496;41,908791;1;1;7;7;7;12/2/2014 12:35;1;12
10797;77;81;12,5028;12,5031;41,904;41,9043;12,50295;41,90415;12,50286961;41,90422249;6;2;9,34;21,4;15;12/2/2014 12:35;1;12
10931;77;82;12,5028;12,5031;41,9043;41,9046;12,50295;41,90445;12,50301933;41,90432549;6;2;9,31;21;15;12/2/2014 12:35;1;12
10123;73;76;12,5016;12,5019;41,9025;41,9028;12,50175;41,90265;12,50183277;41,9027401;10;1;9,88;12;10;12/2/2014 12:35;1;12
10932;78;82;12,5031;12,5034;41,9043;41,9046;12,50325;41,90445;12,50317583;41,90449181;20;2;9,16;20,6;14;12/2/2014 12:35;1;12
10793;73;81;12,5016;12,5019;41,904;41,9043;12,50175;41,90415;12,50179874;41,90412623;29;2;5;26;12;12/2/2014 12:35;1;12
11297;41;85;12,492;12,4923;41,9052;41,9055;12,49215;41,90535;12,49215888;41,90541715;34;2;2,2;26,67;13;12/2/2014 12:35;1;12
10124;74;76;12,5019;12,5022;41,9025;41,9028;12,50205;41,90265;12,50201858;41,90261038;12;1;3,75;12;9;12/2/2014 12:35;1;12
9248;2;70;12,4803;12,4806;41,9007;41,901;12,48045;41,90085;12,48046531;41,90081191;26;3;0,38;27,25;10;12/2/2014 12:35;1;12
7700;62;58;12,4983;12,4986;41,8971;41,8974;12,49845;41,89725;12,49831963;41,89712906;1;1;3,33;3,33;3;12/2/2014 12:35;1;12
7929;23;60;12,4866;12,4869;41,8977;41,898;12,48675;41,89785;12,48678596;41,89785113;14;2;7,31;28,71;16;12/2/2014 12:35;1;12
16670;54;125;12,4959;12,4962;41,9172;41,9175;12,49605;41,91735;12,49619993;41,91722616;1;1;7,5;7,5;8;12/2/2014 12:35;1;12
7377;7;56;12,4818;12,4821;41,8965;41,8968;12,48195;41,89665;12,48199622;41,89659691;9;3;8,66;30,8;14;12/2/2014 12:35;1;12
9990;74;75;12,5019;12,5022;41,9022;41,9025;12,50205;41,90235;12,5021801;41,90248871;2;1;2,38;9,79;6;12/2/2014 12:35;1;12
16536;54;124;12,4959;12,4962;41,9169;41,9172;12,49605;41,91705;12,49617004;41,91719055;1;1;8;8;8;12/2/2014 12:35;1;12
8364;56;63;12,4965;12,4968;41,8986;41,8989;12,49665;41,89875;12,49662511;41,89868484;10;1;5,7;19,84;16;12/2/2014 12:35;1;12
10659;73;80;12,5016;12,5019;41,9037;41,904;12,50175;41,90385;12,50170996;41,90396405;7;2;8,59;25,6;12;12/2/2014 12:35;1;12
10657;71;80;12,501;12,5013;41,9037;41,904;12,50115;41,90385;12,50127952;41,90371452;2;2;8,58;11,06;10;12/2/2014 12:35;1;12
10658;72;80;12,5013;12,5016;41,9037;41,904;12,50145;41,90385;12,50145947;41,9038238;16;2;8,58;11,17;10;12/2/2014 12:35;1;12
5094;2;39;12,4803;12,4806;41,8914;41,8917;12,48045;41,89155;12,4803834;41,89148378;4;1;5,89;6,03;6;12/2/2014 12:35;1;12
9651;3;73;12,4806;12,4809;41,9016;41,9019;12,48075;41,90175;12,48073436;41,90172151;10;1;0,12;3;1;12/2/2014 12:35;1;12
8363;55;63;12,4962;12,4965;41,8986;41,8989;12,49635;41,89875;12,49641967;41,89877994;8;1;7,6;19,57;14;12/2/2014 12:35;1;12
11166;44;84;12,4929;12,4932;41,9049;41,9052;12,49305;41,90505;12,49304971;41,90511127;20;2;2,86;18,46;10;12/2/2014 12:35;1;12
9516;2;72;12,4803;12,4806;41,9013;41,9016;12,48045;41,90145;12,48044217;41,9014649;25;3;0,08;21;6;12/2/2014 12:35;1;12
10523;71;79;12,501;12,5013;41,9034;41,9037;12,50115;41,90355;12,50113979;41,90362568;14;2;8,56;11,04;10;12/2/2014 12:35;1;12
7837;65;59;12,4992;12,4995;41,8974;41,8977;12,49935;41,89755;12,49942338;41,89756458;21;2;0,32;29,2;15;12/2/2014 12:35;1;12
10082;32;76;12,4893;12,4896;41,9025;41,9028;12,48945;41,90265;12,48940746;41,90269913;20;4;0,08;27,67;11;12/2/2014 12:35;1;12
12641;45;95;12,4932;12,4935;41,9082;41,9085;12,49335;41,90835;12,49332174;41,90832392;20;3;11;25,04;16;12/2/2014 12:35;1;12
7244;8;55;12,4821;12,4824;41,8962;41,8965;12,48225;41,89635;12,4822197;41,89637438;18;1;1,1;8,61;5;12/2/2014 12:35;1;12
6844;10;52;12,4827;12,483;41,8953;41,8956;12,48285;41,89545;12,48282008;41,89557076;15;3;0,41;25,94;9;12/2/2014 12:35;1;12
10203;19;77;12,4854;12,4857;41,9028;41,9031;12,48555;41,90295;12,48554321;41,90288228;18;3;2,03;16,68;7;12/2/2014 12:35;1;12
8331;23;63;12,4866;12,4869;41,8986;41,8989;12,48675;41,89875;12,48678221;41,89876938;14;2;7,07;27,16;16;12/2/2014 12:35;1;12
10204;20;77;12,4857;12,486;41,9028;41,9031;12,48585;41,90295;12,48584652;41,90289434;6;1;5,86;5,89;6;12/2/2014 12:35;1;12
8231;57;62;12,4968;12,4971;41,8983;41,8986;12,49695;41,89845;12,49696743;41,89840165;18;2;0,12;20,1;13;12/2/2014 12:35;1;12
10521;69;79;12,5004;12,5007;41,9034;41,9037;12,50055;41,90355;12,50067723;41,90354109;4;2;8,15;12;9;12/2/2014 12:35;1;12
11167;45;84;12,4932;12,4935;41,9049;41,9052;12,49335;41,90505;12,49332772;41,90502664;20;2;0,22;18,18;7;12/2/2014 12:35;1;12
11165;43;84;12,4926;12,4929;41,9049;41,9052;12,49275;41,90505;12,49284196;41,90518379;6;2;2,73;18,53;10;12/2/2014 12:35;1;12
10522;70;79;12,5007;12,501;41,9034;41,9037;12,50085;41,90355;12,50083703;41,90348737;29;2;1,22;12;8;12/2/2014 12:35;1;12
16658;42;125;12,4923;12,4926;41,9172;41,9175;12,49245;41,91735;12,49246615;41,91732857;9;1;7,91;11,55;10;12/2/2014 12:35;1;12
4067;47;31;12,4938;12,4941;41,889;41,8893;12,49395;41,88915;12,49392097;41,88904371;7;1;1,86;2;2;12/2/2014 12:35;1;12
3934;48;30;12,4941;12,4944;41,8887;41,889;12,49425;41,88885;12,49425242;41,88896705;6;1;1,85;1,86;2;12/2/2014 12:35;1;12
3935;49;30;12,4944;12,4947;41,8887;41,889;12,49455;41,88885;12,49454163;41,88891062;7;1;1,83;1,84;2;12/2/2014 12:35;1;12
3936;50;30;12,4947;12,495;41,8887;41,889;12,49485;41,88885;12,49485309;41,88884985;7;1;1,82;1,83;2;12/2/2014 12:35;1;12
3937;51;30;12,495;12,4953;41,8887;41,889;12,49515;41,88885;12,49514279;41,88879284;6;1;1,8;1,81;2;12/2/2014 12:35;1;12
16537;55;124;12,4962;12,4965;41,9169;41,9172;12,49635;41,91705;12,49633722;41,91713379;9;1;8,5;13,86;11;12/2/2014 12:35;1;12
8465;23;64;12,4866;12,4869;41,8989;41,8992;12,48675;41,89905;12,4868541;41,89899632;11;2;7,01;25,33;16;12/2/2014 12:35;1;12
3938;52;30;12,4953;12,4956;41,8887;41,889;12,49545;41,88885;12,495435;41,88873291;7;1;1,78;1,8;2;12/2/2014 12:35;1;12
3805;53;29;12,4956;12,4959;41,8884;41,8887;12,49575;41,88855;12,49574995;41,88866806;7;1;1,77;1,78;2;12/2/2014 12:35;1;12
3806;54;29;12,4959;12,4962;41,8884;41,8887;12,49605;41,88855;12,4960649;41,88860321;7;1;1,75;1,77;2;12/2/2014 12:35;1;12
3673;55;28;12,4962;12,4965;41,8881;41,8884;12,49635;41,88825;12,49640385;41,88826285;6;1;1,62;1,66;2;12/2/2014 12:35;1;12
3807;55;29;12,4962;12,4965;41,8884;41,8887;12,49635;41,88855;12,49638825;41,88851948;8;1;1,66;1,75;2;12/2/2014 12:35;1;12
10069;19;76;12,4854;12,4857;41,9025;41,9028;12,48555;41,90265;12,4855132;41,90278174;6;3;2,02;14,04;7;12/2/2014 12:35;1;12
9517;3;72;12,4806;12,4809;41,9013;41,9016;12,48075;41,90145;12,48073858;41,90153596;36;3;0,01;28,91;7;12/2/2014 12:35;1;12
3539;55;27;12,4962;12,4965;41,8878;41,8881;12,49635;41,88795;12,49630067;41,88794372;6;1;1,45;1,61;2;12/2/2014 12:35;1;12
5093;1;39;12,48;12,4803;41,8914;41,8917;12,48015;41,89155;12,48029494;41,8916254;2;1;5,79;5,84;6;12/2/2014 12:35;1;12
9518;4;72;12,4809;12,4812;41,9013;41,9016;12,48105;41,90145;12,48094003;41,9015925;5;3;0,94;29,73;8;12/2/2014 12:35;1;12
16524;42;124;12,4923;12,4926;41,9169;41,9172;12,49245;41,91705;12,49230229;41,91716905;1;1;7,45;7,45;7;12/2/2014 12:35;1;12
3405;55;26;12,4962;12,4965;41,8875;41,8878;12,49635;41,88765;12,49622413;41,88771602;3;1;1,43;1,45;1;12/2/2014 12:35;1;12
11299;43;85;12,4926;12,4929;41,9052;41,9055;12,49275;41,90535;12,49269183;41,90524698;14;2;2,58;19;11;12/2/2014 12:35;1;12
9653;5;73;12,4812;12,4815;41,9016;41,9019;12,48135;41,90175;12,48133531;41,9017387;25;3;0,83;27,86;8;12/2/2014 12:35;1;12
3404;54;26;12,4959;12,4962;41,8875;41,8878;12,49605;41,88765;12,4960674;41,88754773;8;1;1,29;1,42;1;12/2/2014 12:35;1;12
9654;6;73;12,4815;12,4818;41,9016;41,9019;12,48165;41,90175;12,48165476;41,90185261;21;3;1,6;19,5;9;12/2/2014 12:35;1;12
3269;53;25;12,4956;12,4959;41,8872;41,8875;12,49575;41,88735;12,49583759;41,88735542;6;1;1,25;1,28;1;12/2/2014 12:35;1;12
3403;53;26;12,4956;12,4959;41,8875;41,8878;12,49575;41,88765;12,49589367;41,88751297;1;1;1,28;1,28;1;12/2/2014 12:35;1;12
11298;42;85;12,4923;12,4926;41,9052;41,9055;12,49245;41,90535;12,49243265;41,90536676;34;2;2,35;27,08;13;12/2/2014 12:35;1;12
9655;7;73;12,4818;12,4821;41,9016;41,9019;12,48195;41,90175;12,48184094;41,90189107;3;3;1,63;16,28;8;12/2/2014 12:35;1;12
9790;8;74;12,4821;12,4824;41,9019;41,9022;12,48225;41,90205;12,482242;41,90199423;20;3;1,65;12;6;12/2/2014 12:35;1;12
3135;53;24;12,4956;12,4959;41,8869;41,8872;12,49575;41,88705;12,49570684;41,88705368;8;1;1,07;1,24;1;12/2/2014 12:35;1;12
7367;131;55;12,519;12,5193;41,8962;41,8965;12,51915;41,89635;12,51902485;41,89632416;2;1;1;2;2;12/2/2014 12:35;1;12
7376;6;56;12,4815;12,4818;41,8965;41,8968;12,48165;41,89665;12,48162206;41,89661439;6;1;8,74;8,79;9;12/2/2014 12:35;1;12
3000;52;23;12,4953;12,4956;41,8866;41,8869;12,49545;41,88675;12,49555922;41,8867499;6;1;0,95;1,03;1;12/2/2014 12:35;1;12
7907;1;60;12,48;12,4803;41,8977;41,898;12,48015;41,89785;12,48028836;41,89774763;2;1;8,91;8,91;9;12/2/2014 12:35;1;12
7506;2;57;12,4803;12,4806;41,8968;41,8971;12,48045;41,89695;12,48056614;41,89700702;5;1;8,83;8,85;9;12/2/2014 12:35;1;12
7640;2;58;12,4803;12,4806;41,8971;41,8974;12,48045;41,89725;12,48047395;41,89725659;6;1;8,87;8,89;9;12/2/2014 12:35;1;12
7774;2;59;12,4803;12,4806;41,8974;41,8977;12,48045;41,89755;12,48036429;41,89754691;7;1;8,89;8,91;9;12/2/2014 12:35;1;12
7908;2;60;12,4803;12,4806;41,8977;41,898;12,48045;41,89785;12,48045635;41,89781952;7;1;8,91;8,93;9;12/2/2014 12:35;1;12
7239;3;55;12,4806;12,4809;41,8962;41,8965;12,48075;41,89635;12,48080966;41,89646746;4;1;8,81;8,81;9;12/2/2014 12:35;1;12
7373;3;56;12,4806;12,4809;41,8965;41,8968;12,48075;41,89665;12,48069756;41,89666394;7;1;8,81;8,83;9;12/2/2014 12:35;1;12
7507;3;57;12,4806;12,4809;41,8968;41,8971;12,48075;41,89695;12,48062369;41,89685644;2;1;8,83;8,83;9;12/2/2014 12:35;1;12
7909;3;60;12,4806;12,4809;41,8977;41,898;12,48075;41,89785;12,48074492;41,89790058;6;1;8,94;8,96;9;12/2/2014 12:35;1;12
8043;3;61;12,4806;12,4809;41,898;41,8983;12,48075;41,89815;12,48088262;41,89816171;6;1;9;9,06;9;12/2/2014 12:35;1;12
8177;3;62;12,4806;12,4809;41,8983;41,8986;12,48075;41,89845;12,48081697;41,89843975;6;1;9,06;9,07;9;12/2/2014 12:35;1;12
8311;3;63;12,4806;12,4809;41,8986;41,8989;12,48075;41,89875;12,48073746;41,89874426;7;1;9,08;9,14;9;12/2/2014 12:35;1;12
7240;4;55;12,4809;12,4812;41,8962;41,8965;12,48105;41,89635;12,48096161;41,8964859;3;1;8,8;8,81;9;12/2/2014 12:35;1;12
7374;4;56;12,4809;12,4812;41,8965;41,8968;12,48105;41,89665;12,48112082;41,89651728;4;1;8,8;8,8;9;12/2/2014 12:35;1;12
7910;4;60;12,4809;12,4812;41,8977;41,898;12,48105;41,89785;12,48091316;41,89797274;2;1;8,98;8,99;9;12/2/2014 12:35;1;12
7375;5;56;12,4812;12,4815;41,8965;41,8968;12,48135;41,89665;12,48134828;41,8965621;6;1;8,79;8,8;9;12/2/2014 12:35;1;12
2732;52;21;12,4953;12,4956;41,886;41,8863;12,49545;41,88615;12,49539375;41,88622284;3;1;0,9;0,91;1;12/2/2014 12:35;1;12
2866;52;22;12,4953;12,4956;41,8863;41,8866;12,49545;41,88645;12,49546528;41,88645172;7;1;0,92;0,94;1;12/2/2014 12:35;1;12
9839;57;74;12,4968;12,4971;41,9019;41,9022;12,49695;41,90205;12,49695089;41,90208293;17;2;9,23;20;15;12/2/2014 12:35;1;12
9949;33;75;12,4896;12,4899;41,9022;41,9025;12,48975;41,90235;12,48982986;41,902469;6;2;6,46;16,76;12;12/2/2014 12:35;1;12
10083;33;76;12,4896;12,4899;41,9025;41,9028;12,48975;41,90265;12,48968832;41,90254691;8;2;6,45;17,07;12;12/2/2014 12:35;1;12
9950;34;75;12,4899;12,4902;41,9022;41,9025;12,49005;41,90235;12,49004994;41,90234749;16;2;6,47;16,65;11;12/2/2014 12:35;1;12
9817;35;74;12,4902;12,4905;41,9019;41,9022;12,49035;41,90205;12,49041007;41,90214864;8;2;6,49;16,21;11;12/2/2014 12:35;1;12
9951;35;75;12,4902;12,4905;41,9022;41,9025;12,49035;41,90235;12,49027002;41,90222597;6;2;6,48;16,33;11;12/2/2014 12:35;1;12
9706;58;73;12,4971;12,4974;41,9016;41,9019;12,49725;41,90175;12,49728454;41,90180549;14;2;5,33;17,97;11;12/2/2014 12:35;1;12
2731;51;21;12,495;12,4953;41,886;41,8863;12,49515;41,88615;12,49518045;41,88620408;6;1;0,74;0,84;1;12/2/2014 12:35;1;12
8445;3;64;12,4806;12,4809;41,8989;41,8992;12,48075;41,89905;12,48065357;41,89905618;7;1;9,15;9,21;9;12/2/2014 12:35;1;12
8577;1;65;12,48;12,4803;41,8992;41,8995;12,48015;41,89935;12,48015804;41,89925194;6;1;9,24;9,28;9;12/2/2014 12:35;1;12
8578;2;65;12,4803;12,4806;41,8992;41,8995;12,48045;41,89935;12,48045483;41,89927673;7;1;9,22;9,24;9;12/2/2014 12:35;1;12
8579;3;65;12,4806;12,4809;41,8992;41,8995;12,48075;41,89935;12,48060267;41,89924131;1;1;9,21;9,21;9;12/2/2014 12:35;1;12
2864;50;22;12,4947;12,495;41,8863;41,8866;12,49485;41,88645;12,49497356;41,88654327;3;1;0,66;0,69;1;12/2/2014 12:35;1;12
2865;51;22;12,495;12,4953;41,8863;41,8866;12,49515;41,88645;12,49505062;41,88639545;4;1;0,7;0,73;1;12/2/2014 12:35;1;12
8230;56;62;12,4965;12,4968;41,8983;41,8986;12,49665;41,89845;12,49673373;41,89848736;7;1;0,5;5,07;3;12/2/2014 12:35;1;12
2998;50;23;12,4947;12,495;41,8866;41,8869;12,49485;41,88675;12,49486208;41,8867631;7;1;0,6;0,65;1;12/2/2014 12:35;1;12
9652;4;73;12,4809;12,4812;41,9016;41,9019;12,48105;41,90175;12,48107761;41,90164569;23;3;0,92;33;14;12/2/2014 12:35;1;12
12935;71;97;12,501;12,5013;41,9088;41,9091;12,50115;41,90895;12,50116662;41,90900845;13;1;1;14,65;7;12/2/2014 12:35;1;12
10386;68;78;12,5001;12,5004;41,9031;41,9034;12,50025;41,90325;12,50025922;41,90319251;14;2;8,39;12,34;10;12/2/2014 12:35;1;12
9519;5;72;12,4812;12,4815;41,9013;41,9016;12,48135;41,90145;12,48137999;41,90144761;6;1;0,75;0,81;1;12/2/2014 12:35;1;12
3933;47;30;12,4938;12,4941;41,8887;41,889;12,49395;41,88885;12,49388516;41,88883245;7;1;0,33;1,86;1;12/2/2014 12:35;1;12
9113;1;69;12,48;12,4803;41,9004;41,9007;12,48015;41,90055;12,48013851;41,90066041;7;1;9,95;9,96;10;12/2/2014 12:35;1;12
9385;5;71;12,4812;12,4815;41,901;41,9013;12,48135;41,90115;12,48147263;41,9012146;4;1;0,73;0,74;1;12/2/2014 12:35;1;12
9386;6;71;12,4815;12,4818;41,901;41,9013;12,48165;41,90115;12,48153223;41,90105438;3;1;0,71;0,72;1;12/2/2014 12:35;1;12
3398;48;26;12,4941;12,4944;41,8875;41,8878;12,49425;41,88765;12,49436988;41,88774822;3;1;0,5;0,52;1;12/2/2014 12:35;1;12
3532;48;27;12,4941;12,4944;41,8878;41,8881;12,49425;41,88795;12,49426791;41,88795489;7;1;0,43;0,47;0;12/2/2014 12:35;1;12
3666;48;28;12,4941;12,4944;41,8881;41,8884;12,49425;41,88825;12,49414376;41,88820648;5;1;0,41;0,42;0;12/2/2014 12:35;1;12
3131;49;24;12,4944;12,4947;41,8869;41,8872;12,49455;41,88705;12,49467603;41,8871372;2;1;0,57;0,57;1;12/2/2014 12:35;1;12
3265;49;25;12,4944;12,4947;41,8872;41,8875;12,49455;41,88735;12,49457033;41,88734807;8;1;0,54;0,56;1;12/2/2014 12:35;1;12
3399;49;26;12,4944;12,4947;41,8875;41,8878;12,49455;41,88765;12,4944435;41,88760111;4;1;0,53;0,54;1;12/2/2014 12:35;1;12
3132;50;24;12,4947;12,495;41,8869;41,8872;12,49485;41,88705;12,49473977;41,8870099;4;1;0,57;0,59;1;12/2/2014 12:35;1;12
11432;42;86;12,4923;12,4926;41,9055;41,9058;12,49245;41,90565;12,49253972;41,90553284;9;1;8,92;27,21;16;12/2/2014 12:35;1;12
3665;47;28;12,4938;12,4941;41,8881;41,8884;12,49395;41,88825;12,49407128;41,88835335;2;1;0,4;0,4;0;12/2/2014 12:35;1;12
12959;95;97;12,5082;12,5085;41,9088;41,9091;12,50835;41,90895;12,50840938;41,90897749;21;1;0,7;22;6;12/2/2014 12:35;1;12
3932;46;30;12,4935;12,4938;41,8887;41,889;12,49365;41,88885;12,49377009;41,8889681;2;1;0,32;0,33;0;12/2/2014 12:35;1;12
3799;47;29;12,4938;12,4941;41,8884;41,8887;12,49395;41,88855;12,49397971;41,88853966;7;1;0,36;0,39;0;12/2/2014 12:35;1;12
4066;46;31;12,4935;12,4938;41,889;41,8893;12,49365;41,88915;12,49369848;41,88911915;8;2;0,06;2;1;12/2/2014 12:35;1;12
9840;58;74;12,4971;12,4974;41,9019;41,9022;12,49725;41,90205;12,49713658;41,90192572;4;2;8,15;17,94;13;12/2/2014 12:35;1;12
5227;1;40;12,48;12,4803;41,8917;41,892;12,48015;41,89185;12,4802831;41,89175924;3;1;5,55;5,74;6;12/2/2014 12:35;1;12
16523;41;124;12,492;12,4923;41,9169;41,9172;12,49215;41,91705;12,49218879;41,91705736;9;1;7;8,6;8;12/2/2014 12:35;1;12
10125;75;76;12,5022;12,5025;41,9025;41,9028;12,50235;41,90265;12,502263;41,902526;1;1;1;1;1;12/2/2014 12:35;1;12
9818;36;74;12,4905;12,4908;41,9019;41,9022;12,49065;41,90205;12,49065525;41,90199932;19;2;6,5;16,06;11;12/2/2014 12:35;1;12
16538;56;124;12,4965;12,4968;41,9169;41,9172;12,49665;41,91705;12,49665876;41,91700942;9;1;4,37;15;11;12/2/2014 12:35;1;12
229;95;2;12,5082;12,5085;41,8803;41,8806;12,50835;41,88045;12,5084548;41,88033867;2;1;1;2;2;12/2/2014 12:35;1;12
10387;69;78;12,5004;12,5007;41,9031;41,9034;12,50055;41,90325;12,50054019;41,90332134;15;2;8,41;12,16;10;12/2/2014 12:35;1;12
9789;7;74;12,4818;12,4821;41,9019;41,9022;12,48195;41,90205;12,48195686;41,90194518;20;3;1,64;15;9;12/2/2014 12:35;1;12
6845;11;52;12,483;12,4833;41,8953;41,8956;12,48315;41,89545;12,48318942;41,89554109;17;2;0,26;12,62;4;12/2/2014 12:35;1;12
9017;39;68;12,4914;12,4917;41,9001;41,9004;12,49155;41,90025;12,49159772;41,90021651;6;1;10,58;11,25;11;12/2/2014 12:35;1;12
9018;40;68;12,4917;12,492;41,9001;41,9004;12,49185;41,90025;12,4917251;41,9003612;2;1;11,29;11,34;11;12/2/2014 12:35;1;12
9152;40;69;12,4917;12,492;41,9004;41,9007;12,49185;41,90055;12,49187497;41,90053013;8;1;11,38;11,7;12;12/2/2014 12:35;1;12
9153;41;69;12,492;12,4923;41,9004;41,9007;12,49215;41,90055;12,49200984;41,90068218;1;1;11,74;11,74;12;12/2/2014 12:35;1;12
9287;41;70;12,492;12,4923;41,9007;41,901;12,49215;41,90085;12,49215971;41,90085111;9;1;11,79;12,15;12;12/2/2014 12:35;1;12
16389;41;123;12,492;12,4923;41,9166;41,9169;12,49215;41,91675;12,49202452;41,91689949;1;1;8,7;8,7;9;12/2/2014 12:35;1;12
4334;46;33;12,4935;12,4938;41,8896;41,8899;12,49365;41,88975;12,49375105;41,88968722;8;1;0,26;22,19;10;12/2/2014 12:35;1;12
8882;38;67;12,4911;12,4914;41,8998;41,9001;12,49125;41,89995;12,49129725;41,90001965;4;1;6,56;9,37;8;12/2/2014 12:35;1;12
9148;36;69;12,4905;12,4908;41,9004;41,9007;12,49065;41,90055;12,49066974;41,90054092;8;1;4,63;5,9;5;12/2/2014 12:35;1;12
9015;37;68;12,4908;12,4911;41,9001;41,9004;12,49095;41,90025;12,49097869;41,90028381;7;1;6,01;6,34;6;12/2/2014 12:35;1;12
9149;37;69;12,4908;12,4911;41,9004;41,9007;12,49095;41,90055;12,49083508;41,90040588;1;1;5,95;5,95;6;12/2/2014 12:35;1;12
9016;38;68;12,4911;12,4914;41,9001;41,9004;12,49125;41,90025;12,4911582;41,90013123;3;1;6,39;6,5;6;12/2/2014 12:35;1;12
9147;35;69;12,4902;12,4905;41,9004;41,9007;12,49035;41,90055;12,49035711;41,90049591;8;1;4,13;4,56;4;12/2/2014 12:35;1;12
8876;32;67;12,4893;12,4896;41,8998;41,9001;12,48945;41,89995;12,48946083;41,8999027;8;1;0,94;2,97;2;12/2/2014 12:35;1;12
8877;33;67;12,4896;12,4899;41,8998;41,9001;12,48975;41,89995;12,48969603;41,90005636;4;1;3,04;3,28;3;12/2/2014 12:35;1;12
9011;33;68;12,4896;12,4899;41,9001;41,9004;12,48975;41,90025;12,48983288;41,90014648;3;1;3,36;3,52;3;12/2/2014 12:35;1;12
9012;34;68;12,4899;12,4902;41,9001;41,9004;12,49005;41,90025;12,49004722;41,90028846;8;1;3,59;4,06;4;12/2/2014 12:35;1;12
9683;35;73;12,4902;12,4905;41,9016;41,9019;12,49035;41,90175;12,4903588;41,90171528;16;2;6,55;11,18;9;12/2/2014 12:35;1;12
9684;36;73;12,4905;12,4908;41,9016;41,9019;12,49065;41,90175;12,49057992;41,9018631;6;2;6,54;11,47;9;12/2/2014 12:35;1;12
9573;59;72;12,4974;12,4977;41,9013;41,9016;12,49755;41,90145;12,49758351;41,90159988;8;2;4;18,27;11;12/2/2014 12:35;1;12
9707;59;73;12,4974;12,4977;41,9016;41,9019;12,49755;41,90175;12,49754097;41,90164098;10;2;3;18,55;11;12/2/2014 12:35;1;12
5228;2;40;12,4803;12,4806;41,8917;41,892;12,48045;41,89185;12,48032475;41,89192963;4;1;5,48;5,53;6;12/2/2014 12:35;1;12
16388;40;123;12,4917;12,492;41,9166;41,9169;12,49185;41,91675;12,49187845;41,91684405;7;1;8,8;9,31;9;12/2/2014 12:35;1;12
16404;56;123;12,4965;12,4968;41,9166;41,9169;12,49665;41,91675;12,49679947;41,91689014;1;1;3,75;3,75;4;12/2/2014 12:35;1;12
6846;12;52;12,4833;12,4836;41,8953;41,8956;12,48345;41,89545;12,48342099;41,89548448;17;2;0,05;13,4;6;12/2/2014 12:35;1;12
12960;96;97;12,5085;12,5088;41,9088;41,9091;12,50865;41,90895;12,50860618;41,9090026;13;1;5,6;21,97;12;12/2/2014 12:35;1;12
6979;11;53;12,483;12,4833;41,8956;41,8959;12,48315;41,89575;12,48308484;41,89565277;6;2;1,79;12,19;7;12/2/2014 12:35;1;12
7117;15;54;12,4842;12,4845;41,8959;41,8962;12,48435;41,89605;12,48436975;41,89598846;4;1;15,17;15,81;15;12/2/2014 12:35;1;12
16405;57;123;12,4968;12,4971;41,9166;41,9169;12,49695;41,91675;12,49682951;41,91675425;5;1;0,63;3,12;2;12/2/2014 12:35;1;12
4199;45;32;12,4932;12,4935;41,8893;41,8896;12,49335;41,88945;12,49334922;41,88935487;13;1;0,2;14;5;12/2/2014 12:35;1;12
6982;14;53;12,4839;12,4842;41,8956;41,8959;12,48405;41,89575;12,48392868;41,89586792;2;1;14,07;14,11;14;12/2/2014 12:35;1;12
7116;14;54;12,4839;12,4842;41,8959;41,8962;12,48405;41,89605;12,484097;41,89596367;4;1;14,32;14,96;15;12/2/2014 12:35;1;12
16522;40;124;12,4917;12,492;41,9169;41,9172;12,49185;41,91705;12,49172328;41,91690914;1;1;9,38;9,38;9;12/2/2014 12:35;1;12
5362;2;41;12,4803;12,4806;41,892;41,8923;12,48045;41,89215;12,48040635;41,89215469;6;1;5,39;5,46;5;12/2/2014 12:35;1;12
9650;2;73;12,4803;12,4806;41,9016;41,9019;12,48045;41,90175;12,480553;41,901628;1;1;15;15;15;12/2/2014 12:35;1;12
9548;34;72;12,4899;12,4902;41,9013;41,9016;12,49005;41,90145;12,49002449;41,90148558;17;3;6,6;9,66;8;12/2/2014 12:35;1;12
9276;30;70;12,4887;12,489;41,9007;41,901;12,48885;41,90085;12,48895532;41,90073982;9;3;5,65;40;16;12/2/2014 12:35;1;12
16521;39;124;12,4914;12,4917;41,9169;41,9172;12,49155;41,91705;12,4915314;41,91701817;9;1;9,46;26,67;12;12/2/2014 12:35;1;12
4469;47;34;12,4938;12,4941;41,8899;41,8902;12,49395;41,89005;12,4939493;41,89004094;18;1;0,28;26,59;9;12/2/2014 12:35;1;12
9277;31;70;12,489;12,4893;41,9007;41,901;12,48915;41,90085;12,48917488;41,90089178;21;3;6,27;28,33;13;12/2/2014 12:35;1;12
9412;32;71;12,4893;12,4896;41,901;41,9013;12,48945;41,90115;12,4894495;41,90108299;21;3;6,64;23,44;12;12/2/2014 12:35;1;12
9413;33;71;12,4896;12,4899;41,901;41,9013;12,48975;41,90115;12,48968196;41,90124464;15;3;6,63;21,25;12;12/2/2014 12:35;1;12
9685;37;73;12,4908;12,4911;41,9016;41,9019;12,49095;41,90175;12,49097716;41,90182982;12;1;12,97;14,04;14;12/2/2014 12:35;1;12
9819;37;74;12,4908;12,4911;41,9019;41,9022;12,49095;41,90205;12,49083996;41,90190887;2;1;12,94;14,06;14;12/2/2014 12:35;1;12
9552;38;72;12,4911;12,4914;41,9013;41,9016;12,49125;41,90145;12,49138877;41,90159266;2;1;13,37;13,72;14;12/2/2014 12:35;1;12
9686;38;73;12,4911;12,4914;41,9016;41,9019;12,49125;41,90175;12,49123197;41,901683;14;1;13,16;13,89;14;12/2/2014 12:35;1;12
9553;39;72;12,4914;12,4917;41,9013;41,9016;12,49155;41,90145;12,49154558;41,90150231;14;1;13,41;13,69;14;12/2/2014 12:35;1;12
9554;40;72;12,4917;12,492;41,9013;41,9016;12,49185;41,90145;12,49178078;41,90136679;10;1;13,42;13,75;14;12/2/2014 12:35;1;12
9420;40;71;12,4917;12,492;41,901;41,9013;12,49185;41,90115;12,49193759;41,90127644;6;1;13,35;13,84;14;12/2/2014 12:35;1;12
9421;41;71;12,492;12,4923;41,901;41,9013;12,49215;41,90115;12,49215319;41,90115221;16;1;13,15;14,09;14;12/2/2014 12:35;1;12
7381;11;56;12,483;12,4833;41,8965;41,8968;12,48315;41,89665;12,483148;41,896774;1;1;9;9;9;12/2/2014 12:35;1;12
4200;46;32;12,4935;12,4938;41,8893;41,8896;12,49365;41,88945;12,49363655;41,88946187;16;1;0,24;17,78;5;12/2/2014 12:35;1;12
9422;42;71;12,4923;12,4926;41,901;41,9013;12,49245;41,90115;12,49234959;41,90103159;5;1;12,19;14,27;14;12/2/2014 12:35;1;12
1633;25;13;12,4872;12,4875;41,8836;41,8839;12,48735;41,88375;12,48742962;41,88385391;4;1;1,83;1,87;2;12/2/2014 12:35;1;12
10388;70;78;12,5007;12,501;41,9031;41,9034;12,50085;41,90325;12,500808;41,90338;1;1;12;12;12;12/2/2014 12:35;1;12
9547;33;72;12,4896;12,4899;41,9013;41,9016;12,48975;41,90145;12,48984254;41,90135912;11;3;6,62;18,33;11;12/2/2014 12:35;1;12
5496;2;42;12,4803;12,4806;41,8923;41,8926;12,48045;41,89245;12,48052007;41,89241791;5;1;5,12;5,37;5;12/2/2014 12:35;1;12
4335;47;33;12,4938;12,4941;41,8896;41,8899;12,49395;41,88975;12,49387401;41,88979328;13;1;0,28;23,82;6;12/2/2014 12:35;1;12
10070;20;76;12,4857;12,486;41,9025;41,9028;12,48585;41,90265;12,48585871;41,90261781;8;1;12,63;13,72;13;12/2/2014 12:35;1;12
9708;60;73;12,4977;12,498;41,9016;41,9019;12,49785;41,90175;12,49784946;41,90165672;10;2;1;19,09;10;12/2/2014 12:35;1;12
1634;26;13;12,4875;12,4878;41,8836;41,8839;12,48765;41,88375;12,48759731;41,88369687;6;1;1,4;1,81;2;12/2/2014 12:35;1;12
1766;24;14;12,4869;12,4872;41,8839;41,8842;12,48705;41,88405;12,48707635;41,88405304;15;1;0,2;17,33;6;12/2/2014 12:35;1;12
4064;44;31;12,4929;12,4932;41,889;41,8893;12,49305;41,88915;12,49304973;41,88924525;18;1;0,18;5,73;2;12/2/2014 12:35;1;12
4057;37;31;12,4908;12,4911;41,889;41,8893;12,49095;41,88915;12,49098986;41,8890693;11;1;0,08;34,11;15;12/2/2014 12:35;1;12
9710;62;73;12,4983;12,4986;41,9016;41,9019;12,49845;41,90175;12,49834237;41,90187181;6;2;2,5;21,88;12;12/2/2014 12:35;1;12
4604;48;35;12,4941;12,4944;41,8902;41,8905;12,49425;41,89035;12,49418746;41,8904029;12;1;0,31;29,46;5;12/2/2014 12:35;1;12
3921;35;30;12,4902;12,4905;41,8887;41,889;12,49035;41,88885;12,49046259;41,88873291;4;1;0,06;28,23;14;12/2/2014 12:35;1;12
4063;43;31;12,4926;12,4929;41,889;41,8893;12,49275;41,88915;12,49276654;41,88922882;16;1;0,16;1,91;1;12/2/2014 12:35;1;12
1767;25;14;12,4872;12,4875;41,8839;41,8842;12,48735;41,88405;12,48730065;41,88396776;11;1;0,03;6,5;2;12/2/2014 12:35;1;12
1500;26;12;12,4875;12,4878;41,8833;41,8836;12,48765;41,88345;12,48766177;41,88344496;10;1;0,95;1,3;1;12/2/2014 12:35;1;12
1366;26;11;12,4875;12,4878;41,883;41,8833;12,48765;41,88315;12,48751155;41,88327477;1;1;0,95;0,95;1;12/2/2014 12:35;1;12
1365;25;11;12,4872;12,4875;41,883;41,8833;12,48735;41,88315;12,48734524;41,88318444;8;1;0,79;0,94;1;12/2/2014 12:35;1;12
3922;36;30;12,4905;12,4908;41,8887;41,889;12,49065;41,88885;12,49066706;41,88884755;19;1;0,07;30,08;11;12/2/2014 12:35;1;12
9709;61;73;12,498;12,4983;41,9016;41,9019;12,49815;41,90175;12,49815419;41,90180343;14;2;0,07;19,32;10;12/2/2014 12:35;1;12
3652;34;28;12,4899;12,4902;41,8881;41,8884;12,49005;41,88825;12,49014082;41,88826947;16;1;0,02;22;11;12/2/2014 12:35;1;12
1364;24;11;12,4869;12,4872;41,883;41,8833;12,48705;41,88315;12,48713596;41,88326045;3;1;0,77;0,79;1;12/2/2014 12:35;1;12
1498;24;12;12,4869;12,4872;41,8833;41,8836;12,48705;41,88345;12,48698473;41,88336945;5;1;0,74;0,76;1;12/2/2014 12:35;1;12
1497;23;12;12,4866;12,4869;41,8833;41,8836;12,48675;41,88345;12,48677133;41,88352113;6;1;0,6;0,73;1;12/2/2014 12:35;1;12
4058;38;31;12,4911;12,4914;41,889;41,8893;12,49125;41,88915;12,49123257;41,88914319;16;1;0,11;37;9;12/2/2014 12:35;1;12
3787;35;29;12,4902;12,4905;41,8884;41,8887;12,49035;41,88855;12,4903304;41,88854465;17;1;0,02;27,77;9;12/2/2014 12:35;1;12
1631;23;13;12,4866;12,4869;41,8836;41,8839;12,48675;41,88375;12,48678303;41,88373566;7;1;0,54;0,59;1;12/2/2014 12:35;1;12
1632;24;13;12,4869;12,4872;41,8836;41,8839;12,48705;41,88375;12,48691654;41,88387299;1;1;0,53;0,53;1;12/2/2014 12:35;1;12
9288;42;70;12,4923;12,4926;41,9007;41,901;12,49245;41,90085;12,49250957;41,90095401;4;1;14,34;14,56;14;12/2/2014 12:35;1;12
9289;43;70;12,4926;12,4929;41,9007;41,901;12,49275;41,90085;12,49274954;41,90082526;8;1;14,63;15,14;15;12/2/2014 12:35;1;12
8714;4;66;12,4809;12,4812;41,8995;41,8998;12,48105;41,89965;12,48098015;41,89966184;7;1;9,67;15;11;12/2/2014 12:35;1;12
5497;3;42;12,4806;12,4809;41,8923;41,8926;12,48075;41,89245;12,48060989;41,8925705;1;1;5,07;5,07;5;12/2/2014 12:35;1;12
2041;31;16;12,489;12,4893;41,8845;41,8848;12,48915;41,88465;12,48910769;41,88466422;6;1;0,89;0,93;1;12/2/2014 12:35;1;12
2175;31;17;12,489;12,4893;41,8848;41,8851;12,48915;41,88495;12,4892098;41,88495276;5;1;0,93;0,95;1;12/2/2014 12:35;1;12
2309;31;18;12,489;12,4893;41,8851;41,8854;12,48915;41,88525;12,48927416;41,88520486;5;1;0,95;0,96;1;12/2/2014 12:35;1;12
2712;32;21;12,4893;12,4896;41,886;41,8863;12,48945;41,88615;12,489552;41,88615437;6;1;0,98;0,98;1;12/2/2014 12:35;1;12
2846;32;22;12,4893;12,4896;41,8863;41,8866;12,48945;41,88645;12,48959923;41,88631058;1;1;0,98;0,98;1;12/2/2014 12:35;1;12
3115;33;24;12,4896;12,4899;41,8869;41,8872;12,48975;41,88705;12,48981589;41,88706126;7;1;0,98;0,98;1;12/2/2014 12:35;1;12
3249;33;25;12,4896;12,4899;41,8872;41,8875;12,48975;41,88735;12,48987961;41,88728205;3;1;0,98;0,98;1;12/2/2014 12:35;1;12
3517;33;27;12,4896;12,4899;41,8878;41,8881;12,48975;41,88795;12,489897;41,887854;1;1;1;1;1;12/2/2014 12:35;1;12
10251;67;77;12,4998;12,5001;41,9028;41,9031;12,49995;41,90295;12,49994135;41,90298033;6;1;12,55;12,71;13;12/2/2014 12:35;1;12
10252;68;77;12,5001;12,5004;41,9028;41,9031;12,50025;41,90295;12,50010967;41,90307999;1;1;12,41;12,41;12;12/2/2014 12:35;1;12
3923;37;30;12,4908;12,4911;41,8887;41,889;12,49095;41,88885;12,49088971;41,88895194;6;1;0,08;30,66;6;12/2/2014 12:35;1;12
1906;30;15;12,4887;12,489;41,8842;41,8845;12,48885;41,88435;12,48897559;41,88434465;7;1;0,84;0,89;1;12/2/2014 12:35;1;12
2578;32;20;12,4893;12,4896;41,8857;41,886;12,48945;41,88585;12,48950031;41,88583553;10;1;0,7;0,98;1;12/2/2014 12:35;1;12
3518;34;27;12,4899;12,4902;41,8878;41,8881;12,49005;41,88795;12,49006977;41,88793484;17;1;0,01;13,83;4;12/2/2014 12:35;1;12
2981;33;23;12,4896;12,4899;41,8866;41,8869;12,48975;41,88675;12,48978107;41,88673771;12;1;0,68;0,98;1;12/2/2014 12:35;1;12
1907;31;15;12,489;12,4893;41,8842;41,8845;12,48915;41,88435;12,48914714;41,88434963;10;1;0,8;0,89;1;12/2/2014 12:35;1;12
1773;31;14;12,489;12,4893;41,8839;41,8842;12,48915;41,88405;12,48904991;41,88417816;1;1;0,83;0,83;1;12/2/2014 12:35;1;12
2042;32;16;12,4893;12,4896;41,8845;41,8848;12,48945;41,88465;12,48934539;41,88464228;6;1;0,76;0,8;1;12/2/2014 12:35;1;12
2444;32;19;12,4893;12,4896;41,8854;41,8857;12,48945;41,88555;12,48944519;41,88554901;14;1;0,7;0,97;1;12/2/2014 12:35;1;12
3384;34;26;12,4899;12,4902;41,8875;41,8878;12,49005;41,88765;12,49005649;41,88765075;14;1;0,67;0,98;1;12/2/2014 12:35;1;12
10114;64;76;12,4989;12,4992;41,9025;41,9028;12,49905;41,90265;12,49917459;41,90252495;2;1;13,01;13,03;13;12/2/2014 12:35;1;12
10115;65;76;12,4992;12,4995;41,9025;41,9028;12,49935;41,90265;12,4993518;41,90263205;7;1;12,93;13;13;12/2/2014 12:35;1;12
10116;66;76;12,4995;12,4998;41,9025;41,9028;12,49965;41,90265;12,49955988;41,90275383;3;1;12,86;12,91;13;12/2/2014 12:35;1;12
10250;66;77;12,4995;12,4998;41,9028;41,9031;12,49965;41,90295;12,49971282;41,90284276;4;1;12,75;12,84;13;12/2/2014 12:35;1;12
2847;33;22;12,4896;12,4899;41,8863;41,8866;12,48975;41,88645;12,48971487;41,88644913;13;1;0,69;0,98;1;12/2/2014 12:35;1;12
3653;35;28;12,4902;12,4905;41,8881;41,8884;12,49035;41,88825;12,49028547;41,88827115;9;1;0,02;22,38;3;12/2/2014 12:35;1;12
9979;63;75;12,4986;12,4989;41,9022;41,9025;12,49875;41,90235;12,49875466;41,90226364;6;1;13,23;13,64;13;12/2/2014 12:35;1;12
3250;34;25;12,4899;12,4902;41,8872;41,8875;12,49005;41,88735;12,49000511;41,88737488;10;1;0,67;0,98;1;12/2/2014 12:35;1;12
2310;32;18;12,4893;12,4896;41,8851;41,8854;12,48945;41,88525;12,48941716;41,88527298;6;1;0,7;0,96;1;12/2/2014 12:35;1;12
2176;32;17;12,4893;12,4896;41,8848;41,8851;12,48945;41,88495;12,48940627;41,88496908;6;1;0,72;0,75;1;12/2/2014 12:35;1;12
2579;33;20;12,4896;12,4899;41,8857;41,886;12,48975;41,88585;12,48962902;41,88592411;4;1;0,7;0,7;1;12/2/2014 12:35;1;12
2713;33;21;12,4896;12,4899;41,886;41,8863;12,48975;41,88615;12,48969282;41,88614641;6;1;0,69;0,69;1;12/2/2014 12:35;1;12
2982;34;23;12,4899;12,4902;41,8866;41,8869;12,49005;41,88675;12,4899028;41,88687342;1;1;0,68;0,68;1;12/2/2014 12:35;1;12
3116;34;24;12,4899;12,4902;41,8869;41,8872;12,49005;41,88705;12,4899536;41,88704959;7;1;0,68;0,68;1;12/2/2014 12:35;1;12
3519;35;27;12,4902;12,4905;41,8878;41,8881;12,49035;41,88795;12,49022961;41,88797379;5;1;0,66;0,66;1;12/2/2014 12:35;1;12
17347;61;130;12,498;12,4983;41,9187;41,919;12,49815;41,91885;12,49809324;41,91878752;6;1;5,26;5,36;5;12/2/2014 12:35;1;12
17213;61;129;12,498;12,4983;41,9184;41,9187;12,49815;41,91855;12,4982569;41,91865644;3;1;5,38;5,42;5;12/2/2014 12:35;1;12
3788;36;29;12,4905;12,4908;41,8884;41,8887;12,49065;41,88855;12,4905448;41,88865852;3;1;0,61;0,62;1;12/2/2014 12:35;1;12
17080;62;128;12,4983;12,4986;41,9181;41,9184;12,49845;41,91825;12,49858423;41,91839426;1;1;5,59;5,59;6;12/2/2014 12:35;1;12
17214;62;129;12,4983;12,4986;41,9184;41,9187;12,49845;41,91855;12,49843875;41,91851078;7;1;5,44;5,57;6;12/2/2014 12:35;1;12
17081;63;128;12,4986;12,4989;41,9181;41,9184;12,49875;41,91825;12,4987493;41,9182631;8;1;5,61;6,18;6;12/2/2014 12:35;1;12
4065;45;31;12,4932;12,4935;41,889;41,8893;12,49335;41,88915;12,49333353;41,88923569;5;1;0,45;0,47;0;12/2/2014 12:35;1;12
4201;47;32;12,4938;12,4941;41,8893;41,8896;12,49395;41,88945;12,49382973;41,88956833;1;1;0,4;0,4;0;12/2/2014 12:35;1;12
16948;64;127;12,4989;12,4992;41,9178;41,9181;12,49905;41,91795;12,49909185;41,91799244;7;1;6,25;6,39;6;12/2/2014 12:35;1;12
17082;64;128;12,4989;12,4992;41,9181;41,9184;12,49905;41,91825;12,49893081;41,91811983;2;1;6,2;6,23;6;12/2/2014 12:35;1;12
16949;65;127;12,4992;12,4995;41,9178;41,9181;12,49935;41,91795;12,49927079;41,9178509;3;1;6,42;6,47;6;12/2/2014 12:35;1;12
8580;4;65;12,4809;12,4812;41,8992;41,8995;12,48105;41,89935;12,48107927;41,89942475;6;1;9;21;13;12/2/2014 12:35;1;12
4059;39;31;12,4914;12,4917;41,889;41,8893;12,49155;41,88915;12,4915459;41,88920036;13;1;0,12;0,54;0;12/2/2014 12:35;1;12
16815;65;126;12,4992;12,4995;41,9175;41,9178;12,49935;41,91765;12,49938865;41,9176426;10;1;6,49;7,56;7;12/2/2014 12:35;1;12
4060;40;31;12,4917;12,492;41,889;41,8893;12,49185;41,88915;12,49186663;41,88923027;10;1;0,15;0,52;0;12/2/2014 12:35;1;12
8037;131;60;12,519;12,5193;41,8977;41,898;12,51915;41,89785;12,51916597;41,89783429;10;1;9,07;14,04;11;12/2/2014 12:35;1;12
4062;42;31;12,4923;12,4926;41,889;41,8893;12,49245;41,88915;12,4924585;41,88921721;14;1;0,16;0,49;0;12/2/2014 12:35;1;12
11434;44;86;12,4929;12,4932;41,9055;41,9058;12,49305;41,90565;12,49301608;41,90574519;5;1;8,53;8,6;9;12/2/2014 12:35;1;12
11568;44;87;12,4929;12,4932;41,9058;41,9061;12,49305;41,90595;12,49316768;41,90580972;2;1;8,5;8,52;9;12/2/2014 12:35;1;12
11569;45;87;12,4932;12,4935;41,9058;41,9061;12,49335;41,90595;12,4933623;41,90589264;7;1;8,39;8,48;8;12/2/2014 12:35;1;12
11570;46;87;12,4935;12,4938;41,9058;41,9061;12,49365;41,90595;12,49365574;41,90602016;7;1;8,3;8,37;8;12/2/2014 12:35;1;12
11571;47;87;12,4938;12,4941;41,9058;41,9061;12,49395;41,90595;12,49382097;41,90609264;1;1;8,29;8,29;8;12/2/2014 12:35;1;12
11706;48;88;12,4941;12,4944;41,9061;41,9064;12,49425;41,90625;12,49411011;41,90621948;1;1;8,2;8,2;8;12/2/2014 12:35;1;12
16681;65;125;12,4992;12,4995;41,9172;41,9175;12,49935;41,91735;12,49923398;41,9174633;2;1;7,59;7,62;8;12/2/2014 12:35;1;12
16816;66;126;12,4995;12,4998;41,9175;41,9178;12,49965;41,91765;12,49951935;41,91765976;1;1;7;7;7;12/2/2014 12:35;1;12
4061;41;31;12,492;12,4923;41,889;41,8893;12,49215;41,88915;12,4921457;41,88922994;13;1;0,16;0,5;0;12/2/2014 12:35;1;12
16680;64;125;12,4989;12,4992;41,9172;41,9175;12,49905;41,91735;12,49904737;41,91732979;8;1;7,65;7,86;8;12/2/2014 12:35;1;12
11705;47;88;12,4938;12,4941;41,9061;41,9064;12,49395;41,90625;12,49401239;41,90621229;10;1;7,76;8,28;8;12/2/2014 12:35;1;12
11839;47;89;12,4938;12,4941;41,9064;41,9067;12,49395;41,90655;12,49401169;41,9065506;7;1;7,62;7,74;8;12/2/2014 12:35;1;12
11973;47;90;12,4938;12,4941;41,9067;41,907;12,49395;41,90685;12,49392462;41,90686417;6;1;7,4;7,6;8;12/2/2014 12:35;1;12
16545;63;124;12,4986;12,4989;41,9169;41,9172;12,49875;41,91705;12,49873961;41,91711171;6;1;7,94;8,18;8;12/2/2014 12:35;1;12
16679;63;125;12,4986;12,4989;41,9172;41,9175;12,49875;41,91735;12,49887943;41,91720963;1;1;7,89;7,89;8;12/2/2014 12:35;1;12
12107;47;91;12,4938;12,4941;41,907;41,9073;12,49395;41,90715;12,4939847;41,90711784;6;1;7;7,2;7;12/2/2014 12:35;1;12
16544;62;124;12,4983;12,4986;41,9169;41,9172;12,49845;41,91705;12,49845008;41,91703733;9;1;8,23;8,87;9;12/2/2014 12:35;1;12
12108;48;91;12,4941;12,4944;41,907;41,9073;12,49425;41,90715;12,49425605;41,90720952;6;1;6,92;6,99;7;12/2/2014 12:35;1;12
12109;49;91;12,4944;12,4947;41,907;41,9073;12,49455;41,90715;12,49445718;41,9072759;3;1;6,88;6,91;7;12/2/2014 12:35;1;12
12243;49;92;12,4944;12,4947;41,9073;41,9076;12,49455;41,90745;12,49461362;41,90732752;4;1;6,83;6,87;7;12/2/2014 12:35;1;12
12244;50;92;12,4947;12,495;41,9073;41,9076;12,49485;41,90745;12,49485711;41,90740714;7;1;6,75;6,81;7;12/2/2014 12:35;1;12
12245;51;92;12,495;12,4953;41,9073;41,9076;12,49515;41,90745;12,49516253;41,90750556;7;1;6,69;6,75;7;12/2/2014 12:35;1;12
12246;52;92;12,4953;12,4956;41,9073;41,9076;12,49545;41,90745;12,49538058;41,90757578;3;1;6,66;6,68;7;12/2/2014 12:35;1;12
12380;52;93;12,4953;12,4956;41,9076;41,9079;12,49545;41,90775;12,49553321;41,90762494;4;1;6,63;6,65;7;12/2/2014 12:35;1;12
12247;53;92;12,4956;12,4959;41,9073;41,9076;12,49575;41,90745;12,49585885;41,90758338;2;1;6,54;6,55;7;12/2/2014 12:35;1;12
12381;53;93;12,4956;12,4959;41,9076;41,9079;12,49575;41,90775;12,49572547;41,90766176;5;1;6,57;6,62;7;12/2/2014 12:35;1;12
12248;54;92;12,4959;12,4962;41,9073;41,9076;12,49605;41,90745;12,49604372;41,90743373;8;1;6,42;6,52;6;12/2/2014 12:35;1;12
12115;55;91;12,4962;12,4965;41,907;41,9073;12,49635;41,90715;12,49635404;41,90718714;9;1;6,29;6,4;6;12/2/2014 12:35;1;12
12116;56;91;12,4965;12,4968;41,907;41,9073;12,49665;41,90715;12,49655196;41,90703328;2;1;6,27;6,28;6;12/2/2014 12:35;1;12
16676;60;125;12,4977;12,498;41,9172;41,9175;12,49785;41,91735;12,49792731;41,91744757;4;1;9,07;9,13;9;12/2/2014 12:35;1;12
16810;60;126;12,4977;12,498;41,9175;41,9178;12,49785;41,91765;12,4977833;41,91756582;4;1;9,15;9,22;9;12/2/2014 12:35;1;12
16543;61;124;12,498;12,4983;41,9169;41,9172;12,49815;41,91705;12,49825132;41,91718149;2;1;8,89;8,91;9;12/2/2014 12:35;1;12
16677;61;125;12,498;12,4983;41,9172;41,9175;12,49815;41,91735;12,49810731;41,91729975;6;1;8,93;9,04;9;12/2/2014 12:35;1;12
11982;56;90;12,4965;12,4968;41,9067;41,907;12,49665;41,90685;12,49669658;41,90691906;6;1;6;6,25;6;12/2/2014 12:35;1;12
11849;57;89;12,4968;12,4971;41,9064;41,9067;12,49695;41,90655;12,49702605;41,90665488;4;1;5,85;5,91;6;12/2/2014 12:35;1;12
11983;57;90;12,4968;12,4971;41,9067;41,907;12,49695;41,90685;12,49688075;41,90676724;4;1;5,93;5,98;6;12/2/2014 12:35;1;12
16809;59;126;12,4974;12,4977;41,9175;41,9178;12,49755;41,91765;12,49760547;41,91771184;6;1;9,67;9,84;10;12/2/2014 12:35;1;12
16943;59;127;12,4974;12,4977;41,9178;41,9181;12,49755;41,91795;12,49745464;41,9178257;2;1;9,87;9,91;10;12/2/2014 12:35;1;12
11443;53;86;12,4956;12,4959;41,9055;41,9058;12,49575;41,90565;12,49587083;41,90553141;2;1;5;5,05;5;12/2/2014 12:35;1;12
11426;36;86;12,4905;12,4908;41,9055;41,9058;12,49065;41,90565;12,49065995;41,90569799;10;1;20;26,4;23;12/2/2014 12:34;2;12
12397;69;93;12,5004;12,5007;41,9076;41,9079;12,50055;41,90775;12,5006547;41,90786934;2;1;24,75;30,5;28;12/2/2014 12:34;2;12
9509;129;71;12,5184;12,5187;41,901;41,9013;12,51855;41,90115;12,51848561;41,90118644;12;1;20,68;33,54;27;12/2/2014 12:34;2;12
9643;129;72;12,5184;12,5187;41,9013;41,9016;12,51855;41,90145;12,51864076;41,90137119;8;1;20,79;33,34;27;12/2/2014 12:34;2;12
17455;35;131;12,4902;12,4905;41,919;41,9193;12,49035;41,91915;12,49033011;41,91916151;23;2;4;56;28;12/2/2014 12:34;2;12
12890;26;97;12,4875;12,4878;41,9088;41,9091;12,48765;41,90895;12,48767965;41,90890081;7;1;29,02;30,23;30;12/2/2014 12:34;2;12
9644;130;72;12,5187;12,519;41,9013;41,9016;12,51885;41,90145;12,51875575;41,90151126;6;1;20,86;33,24;27;12/2/2014 12:34;2;12
16659;43;125;12,4926;12,4929;41,9172;41,9175;12,49275;41,91735;12,49269985;41,91748273;4;2;12;23,64;17;12/2/2014 12:34;2;12
8613;37;65;12,4908;12,4911;41,8992;41,8995;12,49095;41,89935;12,49099463;41,8992752;16;2;22,5;30,97;27;12/2/2014 12:34;2;12
16528;46;124;12,4935;12,4938;41,9169;41,9172;12,49365;41,91705;12,49368461;41,9170333;9;2;23,76;33;26;12/2/2014 12:34;2;12
17368;82;130;12,5043;12,5046;41,9187;41,919;12,50445;41,91885;12,50457565;41,91897242;4;1;15;22,75;19;12/2/2014 12:34;2;12
12620;24;95;12,4869;12,4872;41,9082;41,9085;12,48705;41,90835;12,48706274;41,90836535;8;1;31,62;32,54;32;12/2/2014 12:35;2;12
12755;25;96;12,4872;12,4875;41,9085;41,9088;12,48735;41,90865;12,48736281;41,90864649;8;1;30,56;31,48;31;12/2/2014 12:35;2;12
12756;26;96;12,4875;12,4878;41,9085;41,9088;12,48765;41,90865;12,48752713;41,90878773;1;1;30,39;30,39;30;12/2/2014 12:35;2;12
10107;57;76;12,4968;12,4971;41,9025;41,9028;12,49695;41,90265;12,49689611;41,9025252;9;2;15,94;33,79;24;12/2/2014 12:35;2;12
9778;130;73;12,5187;12,519;41,9016;41,9019;12,51885;41,90175;12,51879731;41,90175299;22;1;21,12;32,85;27;12/2/2014 12:35;2;12
7971;65;60;12,4992;12,4995;41,8977;41,898;12,49935;41,89785;12,49931004;41,89776247;13;2;0,3;39,1;17;12/2/2014 12:35;2;12
12531;69;94;12,5004;12,5007;41,9079;41,9082;12,50055;41,90805;12,50049895;41,9079947;6;1;21,61;24,23;23;12/2/2014 12:35;2;12
16395;47;123;12,4938;12,4941;41,9166;41,9169;12,49395;41,91675;12,49393468;41,91678104;10;2;23,81;30;26;12/2/2014 12:35;2;12
12937;73;97;12,5016;12,5019;41,9088;41,9091;12,50175;41,90895;12,50185095;41,90904712;6;2;17,9;48,02;33;12/2/2014 12:35;2;12
12804;74;96;12,5019;12,5022;41,9085;41,9088;12,50205;41,90865;12,50217544;41,90878211;2;2;17,95;48,32;33;12/2/2014 12:35;2;12
12350;22;93;12,4863;12,4866;41,9076;41,9079;12,48645;41,90775;12,48650841;41,9077363;6;1;34,35;35,05;35;12/2/2014 12:35;2;12
12351;23;93;12,4866;12,4869;41,9076;41,9079;12,48675;41,90775;12,4866147;41,90788841;1;1;34,19;34,19;34;12/2/2014 12:35;2;12
12485;23;94;12,4866;12,4869;41,9079;41,9082;12,48675;41,90805;12,48676124;41,90806377;8;1;32,87;34,03;34;12/2/2014 12:35;2;12
9031;53;68;12,4956;12,4959;41,9001;41,9004;12,49575;41,90025;12,49576469;41,9002647;8;1;34,07;35,17;34;12/2/2014 12:35;2;12
9032;54;68;12,4959;12,4962;41,9001;41,9004;12,49605;41,90025;12,49595967;41,90037242;2;1;33,96;34,01;34;12/2/2014 12:35;2;12
12530;68;94;12,5001;12,5004;41,9079;41,9082;12,50025;41,90805;12,50031255;41,90814382;4;1;19,52;21,09;20;12/2/2014 12:35;2;12
9166;54;69;12,4959;12,4962;41,9004;41,9007;12,49605;41,90055;12,49609366;41,90044452;5;1;33,19;33,91;34;12/2/2014 12:35;2;12
13294;28;100;12,4881;12,4884;41,9097;41,91;12,48825;41,90985;12,48828351;41,90980346;44;4;11,43;33,21;25;12/2/2014 12:35;2;12
9777;129;73;12,5184;12,5187;41,9016;41,9019;12,51855;41,90175;12,51861302;41,901872;12;1;22,65;30,57;27;12/2/2014 12:35;2;12
12216;22;92;12,4863;12,4866;41,9073;41,9076;12,48645;41,90745;12,48635674;41,90751266;5;1;35,18;35,62;35;12/2/2014 12:35;2;12
4738;48;36;12,4941;12,4944;41,8905;41,8908;12,49425;41,89065;12,49427237;41,89061683;7;1;0,32;28,23;22;12/2/2014 12:35;2;12
9167;55;69;12,4962;12,4965;41,9004;41,9007;12,49635;41,90055;12,49634343;41,90058148;7;1;31,89;32,91;32;12/2/2014 12:35;2;12
9168;56;69;12,4965;12,4968;41,9004;41,9007;12,49665;41,90055;12,49651296;41,90068381;1;1;31,85;31,85;32;12/2/2014 12:35;2;12
9302;56;70;12,4965;12,4968;41,9007;41,901;12,49665;41,90085;12,4966759;41,90078408;7;1;31,57;31,81;32;12/2/2014 12:35;2;12
9973;57;75;12,4968;12,4971;41,9022;41,9025;12,49695;41,90235;12,4969776;41,90239599;6;3;15,91;34,13;23;12/2/2014 12:35;2;12
11425;35;86;12,4902;12,4905;41,9055;41,9058;12,49035;41,90565;12,49043369;41,90553589;3;1;26;27;27;12/2/2014 12:35;2;12
9776;128;73;12,5181;12,5184;41,9016;41,9019;12,51825;41,90175;12,51820981;41,90185144;10;1;23,88;28,72;26;12/2/2014 12:35;2;12
9910;128;74;12,5181;12,5184;41,9019;41,9022;12,51825;41,90205;12,51836967;41,90190887;2;1;23,71;28,98;26;12/2/2014 12:35;2;12
17795;107;133;12,5118;12,5121;41,9196;41,9199;12,51195;41,91975;12,51193206;41,9197293;6;1;30,76;31,47;31;12/2/2014 12:35;2;12
9104;126;68;12,5175;12,5178;41,9001;41,9004;12,51765;41,90025;12,51764922;41,90028145;12;1;20;34,38;21;12/2/2014 12:35;2;12
9775;127;73;12,5178;12,5181;41,9016;41,9019;12,51795;41,90175;12,51793834;41,90175792;14;1;24,08;28,42;26;12/2/2014 12:35;2;12
7110;8;54;12,4821;12,4824;41,8959;41,8962;12,48225;41,89605;12,48213909;41,89601305;25;3;0,86;33,5;18;12/2/2014 12:35;2;12
17590;36;132;12,4905;12,4908;41,9193;41,9196;12,49065;41,91945;12,49065022;41,91941798;26;2;9,2;38,5;25;12/2/2014 12:35;2;12
9303;57;70;12,4968;12,4971;41,9007;41,901;12,49695;41,90085;12,49697253;41,90084144;7;1;30,82;31,53;31;12/2/2014 12:35;2;12
9170;58;69;12,4971;12,4974;41,9004;41,9007;12,49725;41,90055;12,49729156;41,90065054;5;1;30,64;30,74;31;12/2/2014 12:35;2;12
9304;58;70;12,4971;12,4974;41,9007;41,901;12,49725;41,90085;12,49715471;41,9007349;2;1;30,76;30,79;31;12/2/2014 12:35;2;12
9171;59;69;12,4974;12,4977;41,9004;41,9007;12,49755;41,90055;12,49754572;41,90049388;8;1;30,43;30,61;31;12/2/2014 12:35;2;12
9638;124;72;12,5169;12,5172;41,9013;41,9016;12,51705;41,90145;12,51706419;41,90145761;14;1;24,21;28,24;26;12/2/2014 12:35;2;12
9103;125;68;12,5172;12,5175;41,9001;41,9004;12,51735;41,90025;12,51749206;41,90010357;1;1;20,33;20,33;20;12/2/2014 12:35;2;12
9639;125;72;12,5172;12,5175;41,9013;41,9016;12,51735;41,90145;12,51734979;41,90155561;12;1;24,17;28,29;26;12/2/2014 12:35;2;12
9774;126;73;12,5175;12,5178;41,9016;41,9019;12,51765;41,90175;12,51763317;41,90165302;14;1;24,12;28,36;26;12/2/2014 12:35;2;12
9038;60;68;12,4977;12,498;41,9001;41,9004;12,49785;41,90025;12,49784163;41,90031239;6;1;29,19;30,4;30;12/2/2014 12:35;2;12
9501;121;71;12,516;12,5163;41,901;41,9013;12,51615;41,90115;12,51613922;41,90113776;14;1;24,9;27,18;26;12/2/2014 12:35;2;12
9502;122;71;12,5163;12,5166;41,901;41,9013;12,51645;41,90115;12,51644306;41,90124512;14;1;24,82;27,31;26;12/2/2014 12:35;2;12
9637;123;72;12,5166;12,5169;41,9013;41,9016;12,51675;41,90145;12,516747;41,90135193;14;1;24,59;27,66;26;12/2/2014 12:35;2;12
12664;68;95;12,5001;12,5004;41,9082;41,9085;12,50025;41,90835;12,50019841;41,90824488;5;1;19;22;21;12/2/2014 12:35;2;12
9500;120;71;12,5157;12,516;41,901;41,9013;12,51585;41,90115;12,51587486;41,90104294;10;1;25;27,04;26;12/2/2014 12:35;2;12
8905;61;67;12,498;12,4983;41,8998;41,9001;12,49815;41,89995;12,49824013;41,90007401;3;1;28,92;28,99;29;12/2/2014 12:35;2;12
9039;61;68;12,498;12,4983;41,9001;41,9004;12,49815;41,90025;12,49808485;41,90016556;5;1;29,02;29,15;29;12/2/2014 12:35;2;12
8906;62;67;12,4983;12,4986;41,8998;41,9001;12,49845;41,89995;12,49845365;41,89994812;8;1;28,65;28,88;29;12/2/2014 12:35;2;12
8907;63;67;12,4986;12,4989;41,8998;41,9001;12,49875;41,89995;12,49866486;41,89982414;2;1;27,51;28,08;28;12/2/2014 12:35;2;12
9363;117;70;12,5148;12,5151;41,9007;41,901;12,51495;41,90085;12,51498666;41,90074259;12;1;25,24;26,68;26;12/2/2014 12:35;2;12
9364;118;70;12,5151;12,5154;41,9007;41,901;12,51525;41,90085;12,51526597;41,90083448;14;1;25,17;26,79;26;12/2/2014 12:35;2;12
9365;119;70;12,5154;12,5157;41,9007;41,901;12,51555;41,90085;12,51556729;41,90093419;14;1;25,09;26,91;26;12/2/2014 12:35;2;12
9366;120;70;12,5157;12,516;41,9007;41,901;12,51585;41,90085;12,5157423;41,90099525;2;1;25,08;26,94;26;12/2/2014 12:35;2;12
13642;108;102;12,5121;12,5124;41,9103;41,9106;12,51225;41,91045;12,51225267;41,91037148;19;2;12,68;21,19;17;12/2/2014 12:35;2;12
6976;8;53;12,4821;12,4824;41,8956;41,8959;12,48225;41,89575;12,48224369;41,89573283;46;3;0,71;49;22;12/2/2014 12:35;2;12
11291;35;85;12,4902;12,4905;41,9052;41,9055;12,49035;41,90535;12,49027848;41,90542173;4;1;27,5;31,25;29;12/2/2014 12:35;2;12
9227;115;69;12,5142;12,5145;41,9004;41,9007;12,51435;41,90055;12,51434734;41,90053105;12;1;25,66;25,92;26;12/2/2014 12:35;2;12
9228;116;69;12,5145;12,5148;41,9004;41,9007;12,51465;41,90055;12,51462402;41,90062253;12;1;25,56;26,21;26;12/2/2014 12:35;2;12
9229;117;69;12,5148;12,5151;41,9004;41,9007;12,51495;41,90055;12,51480961;41,90068054;2;1;25,47;26,34;26;12/2/2014 12:35;2;12
9226;114;69;12,5139;12,5142;41,9004;41,9007;12,51405;41,90055;12,51407734;41,90044236;12;1;25,57;25,99;26;12/2/2014 12:35;2;12
12938;74;97;12,5019;12,5022;41,9088;41,9091;12,50205;41,90895;12,50202857;41,90890536;13;2;17,91;48,14;32;12/2/2014 12:35;2;12
8638;62;65;12,4983;12,4986;41,8992;41,8995;12,49845;41,89935;12,49832102;41,89945725;2;1;25,97;26,01;26;12/2/2014 12:35;2;12
8772;62;66;12,4983;12,4986;41,8995;41,8998;12,49845;41,89965;12,49847215;41,89959581;7;1;26,05;26,3;26;12/2/2014 12:35;2;12
8773;63;66;12,4986;12,4989;41,8995;41,8998;12,49875;41,89965;12,49864889;41,89975602;3;1;26,34;26,95;27;12/2/2014 12:35;2;12
9091;113;68;12,5136;12,5139;41,9001;41,9004;12,51375;41,90025;12,51384663;41,90029503;10;1;24,72;26,55;26;12/2/2014 12:35;2;12
9092;114;68;12,5139;12,5142;41,9001;41,9004;12,51405;41,90025;12,51392142;41,90022786;6;1;24,67;26,58;26;12/2/2014 12:35;2;12
8824;114;66;12,5139;12,5142;41,8995;41,8998;12,51405;41,89965;12,51416808;41,89975807;6;1;24,22;26,89;26;12/2/2014 12:35;2;12
8958;114;67;12,5139;12,5142;41,8998;41,9001;12,51405;41,89995;12,51403465;41,89996109;14;1;24,49;26,71;26;12/2/2014 12:35;2;12
7378;8;56;12,4821;12,4824;41,8965;41,8968;12,48225;41,89665;12,4822555;41,89667264;37;3;8,62;32,38;19;12/2/2014 12:35;2;12
12504;42;94;12,4923;12,4926;41,9079;41,9082;12,49245;41,90805;12,49245502;41,90807561;21;3;13,57;25,46;21;12/2/2014 12:35;2;12
9114;2;69;12,4803;12,4806;41,9004;41,9007;12,48045;41,90055;12,48057671;41,90061812;10;3;0,47;33;17;12/2/2014 12:35;2;12
8825;115;66;12,5142;12,5145;41,8995;41,8998;12,51435;41,89965;12,51427055;41,89960541;10;1;24,17;26,92;26;12/2/2014 12:35;2;12
8233;59;62;12,4974;12,4977;41,8983;41,8986;12,49755;41,89845;12,49757438;41,89858133;6;2;0,23;31,29;18;12/2/2014 12:35;2;12
8691;115;65;12,5142;12,5145;41,8992;41,8995;12,51435;41,89935;12,51442184;41,89937744;14;1;24,09;26,97;26;12/2/2014 12:35;2;12
8424;116;63;12,5145;12,5148;41,8986;41,8989;12,51465;41,89875;12,51476225;41,89886452;4;1;23,97;27,05;26;12/2/2014 12:35;2;12
8558;116;64;12,5145;12,5148;41,8989;41,8992;12,51465;41,89905;12,51463617;41,89905449;16;1;23,99;27,04;26;12/2/2014 12:35;2;12
8692;116;65;12,5145;12,5148;41,8992;41,8995;12,51465;41,89935;12,51452271;41,89922546;2;1;24,08;26,98;26;12/2/2014 12:35;2;12
12505;43;94;12,4926;12,4929;41,9079;41,9082;12,49275;41,90805;12,49274739;41,90815668;18;3;13,61;25,32;20;12/2/2014 12:35;2;12
5901;5;45;12,4812;12,4815;41,8932;41,8935;12,48135;41,89335;12,48143697;41,89326286;3;1;22,9;22,94;23;12/2/2014 12:35;2;12
17369;83;130;12,5046;12,5049;41,9187;41,919;12,50475;41,91885;12,50466967;41,91895866;3;1;30,5;38,25;34;12/2/2014 12:35;2;12
8232;58;62;12,4971;12,4974;41,8983;41,8986;12,49725;41,89845;12,49724364;41,89848457;31;2;0,15;32,05;18;12/2/2014 12:35;2;12
8425;117;63;12,5148;12,5151;41,8986;41,8989;12,51495;41,89875;12,51494564;41,89876093;16;1;23,1;27,64;25;12/2/2014 12:35;2;12
8426;118;63;12,5151;12,5154;41,8986;41,8989;12,51525;41,89875;12,51521492;41,8988533;10;1;23;27,7;25;12/2/2014 12:35;2;12
8560;118;64;12,5151;12,5154;41,8989;41,8992;12,51525;41,89905;12,51535749;41,89892578;4;1;22,97;27,72;25;12/2/2014 12:35;2;12
8561;119;64;12,5154;12,5157;41,8989;41,8992;12,51555;41,89905;12,51554392;41,89902099;14;1;22,8;27,83;25;12/2/2014 12:35;2;12
10660;74;80;12,5019;12,5022;41,9037;41,904;12,50205;41,90385;12,50208187;41,90388979;14;2;9,52;25,4;20;12/2/2014 12:35;2;12
9844;62;74;12,4983;12,4986;41,9019;41,9022;12,49845;41,90205;12,49847826;41,90201923;28;3;13,91;50;31;12/2/2014 12:35;2;12
12640;44;95;12,4929;12,4932;41,9082;41,9085;12,49305;41,90835;12,49303951;41,90823802;21;3;13,3;25,2;18;12/2/2014 12:35;2;12
15994;48;120;12,4941;12,4944;41,9157;41,916;12,49425;41,91585;12,49424821;41,91585398;2;2;23,97;24,09;24;12/2/2014 12:35;2;12
8562;120;64;12,5157;12,516;41,8989;41,8992;12,51585;41,89905;12,51580048;41,89915314;10;1;22,67;27,92;25;12/2/2014 12:35;2;12
17454;34;131;12,4899;12,4902;41,919;41,9193;12,49005;41,91915;12,4901038;41,91904113;18;3;23,37;56;35;12/2/2014 12:35;2;12
8696;120;65;12,5157;12,516;41,8992;41,8995;12,51585;41,89935;12,51594925;41,89922905;4;1;22,38;28,12;25;12/2/2014 12:35;2;12
8697;121;65;12,516;12,5163;41,8992;41,8995;12,51615;41,89935;12,51614121;41,89932905;14;1;22,04;28,34;25;12/2/2014 12:35;2;12
8698;122;65;12,5163;12,5166;41,8992;41,8995;12,51645;41,89935;12,51637268;41,89945107;8;1;21,97;28,39;25;12/2/2014 12:35;2;12
8832;122;66;12,5163;12,5166;41,8995;41,8998;12,51645;41,89965;12,51651955;41,8995285;6;1;21,92;28,42;25;12/2/2014 12:35;2;12
8833;123;66;12,5166;12,5169;41,8995;41,8998;12,51675;41,89965;12,51675045;41,89965115;16;1;21,74;28,54;25;12/2/2014 12:35;2;12
8834;124;66;12,5169;12,5172;41,8995;41,8998;12,51705;41,89965;12,5169817;41,89977646;6;1;21,66;28,6;25;12/2/2014 12:35;2;12
8968;124;67;12,5169;12,5172;41,8998;41,9001;12,51705;41,89995;12,5171284;41,89985609;8;1;21,45;28,74;25;12/2/2014 12:35;2;12
8365;57;63;12,4968;12,4971;41,8986;41,8989;12,49695;41,89875;12,49687595;41,89862518;3;1;19,87;19,95;20;12/2/2014 12:35;2;12
13504;104;101;12,5109;12,5112;41,91;41,9103;12,51105;41,91015;12,51105926;41,91004131;18;2;13,05;21,17;18;12/2/2014 12:35;2;12
13641;107;102;12,5118;12,5121;41,9103;41,9106;12,51195;41,91045;12,51204766;41,91031448;9;2;12,77;21,18;18;12/2/2014 12:35;2;12
11566;42;87;12,4923;12,4926;41,9058;41,9061;12,49245;41,90595;12,49250302;41,90601891;10;1;13,72;28,32;21;12/2/2014 12:35;2;12
11567;43;87;12,4926;12,4929;41,9058;41,9061;12,49275;41,90595;12,49267141;41,90586933;10;1;13,56;28,18;21;12/2/2014 12:35;2;12
11700;42;88;12,4923;12,4926;41,9061;41,9064;12,49245;41,90625;12,49235146;41,90615353;8;1;13,88;28,42;21;12/2/2014 12:35;2;12
13598;64;102;12,4989;12,4992;41,9103;41,9106;12,49905;41,91045;12,49905423;41,91056551;7;2;17,79;29,05;21;12/2/2014 12:35;2;12
12805;75;96;12,5022;12,5025;41,9085;41,9088;12,50235;41,90865;12,50235517;41,90864944;14;2;17,96;49,3;31;12/2/2014 12:35;2;12
8969;125;67;12,5172;12,5175;41,8998;41,9001;12,51735;41,89995;12,51730457;41,89992669;12;1;20,4;29;24;12/2/2014 12:35;2;12
13528;128;101;12,5181;12,5184;41,91;41,9103;12,51825;41,91015;12,51821223;41,91017203;10;1;21,88;25,49;25;12/2/2014 12:35;2;12
11290;34;85;12,4899;12,4902;41,9052;41,9055;12,49005;41,90535;12,49010916;41,90528972;7;1;32,5;35;34;12/2/2014 12:35;2;12
8063;23;61;12,4866;12,4869;41,898;41,8983;12,48675;41,89815;12,48676941;41,89812957;14;2;7,26;33;21;12/2/2014 12:35;2;12
8637;61;65;12,498;12,4983;41,8992;41,8995;12,49815;41,89935;12,4981536;41,8993003;8;1;25,24;30,15;26;12/2/2014 12:35;2;12
8097;57;61;12,4968;12,4971;41,898;41,8983;12,49695;41,89815;12,49697667;41,89817362;31;2;0,07;33;18;12/2/2014 12:35;2;12
8197;23;62;12,4866;12,4869;41,8983;41,8986;12,48675;41,89845;12,48677036;41,8984446;14;2;7,2;30,38;18;12/2/2014 12:35;2;12
8367;59;63;12,4974;12,4977;41,8986;41,8989;12,49755;41,89875;12,49755652;41,89871859;24;2;0,21;30,91;22;12/2/2014 12:35;2;12
13071;73;98;12,5016;12,5019;41,9091;41,9094;12,50175;41,90925;12,50169576;41,90921508;13;3;17,88;47,96;31;12/2/2014 12:35;2;12
11156;34;84;12,4899;12,4902;41,9049;41,9052;12,49005;41,90505;12,48995141;41,9051639;2;1;32,9;33;33;12/2/2014 12:35;2;12
11155;33;84;12,4896;12,4899;41,9049;41,9052;12,48975;41,90505;12,4897704;41,90501961;8;1;32;32,81;32;12/2/2014 12:35;2;12
13529;129;101;12,5184;12,5187;41,91;41,9103;12,51855;41,91015;12,51853758;41,91006896;7;1;25,53;25,76;26;12/2/2014 12:35;2;12
11824;32;89;12,4893;12,4896;41,9064;41,9067;12,48945;41,90655;12,4894443;41,90663528;7;1;25,68;26,27;26;12/2/2014 12:35;2;12
11959;33;90;12,4896;12,4899;41,9067;41,907;12,48975;41,90685;12,48973682;41,90678215;7;1;24,98;25,58;25;12/2/2014 12:35;2;12
11020;32;83;12,4893;12,4896;41,9046;41,9049;12,48945;41,90475;12,48942722;41,90474059;10;1;29,49;31,84;31;12/2/2014 12:35;2;12
8466;24;64;12,4869;12,4872;41,8989;41,8992;12,48705;41,89905;12,48694468;41,89914894;4;2;6,98;27,78;17;12/2/2014 12:35;2;12
11823;31;89;12,489;12,4893;41,9064;41,9067;12,48915;41,90655;12,48912101;41,90655312;10;1;26,37;29,61;28;12/2/2014 12:35;2;12
11956;30;90;12,4887;12,489;41,9067;41,907;12,48885;41,90685;12,48892388;41,90685918;7;1;29,78;30,78;30;12/2/2014 12:35;2;12
13530;130;101;12,5187;12,519;41,91;41,9103;12,51885;41,91015;12,51873877;41,91001342;2;1;25,8;25,84;26;12/2/2014 12:35;2;12
8835;125;66;12,5172;12,5175;41,8995;41,8998;12,51735;41,89965;12,51742005;41,89970398;6;1;26,14;26,44;26;12/2/2014 12:35;2;12
12223;29;92;12,4884;12,4887;41,9073;41,9076;12,48855;41,90745;12,48863612;41,90744103;7;1;33,77;34,5;34;12/2/2014 12:35;2;12
8836;126;66;12,5175;12,5178;41,8995;41,8998;12,51765;41,89965;12,51756137;41,89955684;3;1;25,97;26,08;26;12/2/2014 12:35;2;12
13396;130;100;12,5187;12,519;41,9097;41,91;12,51885;41,90985;12,51890974;41,90997225;7;1;25,88;26;26;12/2/2014 12:35;2;12
11433;43;86;12,4926;12,4929;41,9055;41,9058;12,49275;41,90565;12,49276427;41,90565149;27;1;8,8;28,05;17;12/2/2014 12:35;2;12
8600;24;65;12,4869;12,4872;41,8992;41,8995;12,48705;41,89935;12,48708139;41,89933613;14;2;6,88;38,78;20;12/2/2014 12:35;2;12
12357;29;93;12,4884;12,4887;41,9076;41,9079;12,48855;41,90775;12,48848195;41,90775257;8;1;34,62;35,47;35;12/2/2014 12:35;2;12
11019;31;83;12,489;12,4893;41,9046;41,9049;12,48915;41,90475;12,4892741;41,90461027;1;1;29,38;29,38;29;12/2/2014 12:35;2;12
8702;126;65;12,5175;12,5178;41,8992;41,8995;12,51765;41,89935;12,51770412;41,89940625;6;1;24,83;25,91;26;12/2/2014 12:35;2;12
10885;31;82;12,489;12,4893;41,9043;41,9046;12,48915;41,90445;12,48912356;41,90448937;7;1;28,63;29,28;29;12/2/2014 12:35;2;12
4603;47;35;12,4938;12,4941;41,8902;41,8905;12,49395;41,89035;12,49403567;41,89026232;12;1;0,3;31;18;12/2/2014 12:35;2;12
9972;56;75;12,4965;12,4968;41,9022;41,9025;12,49665;41,90235;12,49668547;41,90234081;22;2;16,64;20;19;12/2/2014 12:35;2;12
10884;30;82;12,4887;12,489;41,9043;41,9046;12,48885;41,90445;12,4889354;41,90433825;3;1;28,31;28,52;28;12/2/2014 12:35;2;12
8735;25;66;12,4872;12,4875;41,8995;41,8998;12,48735;41,89965;12,48737759;41,8995959;14;2;6,83;40,82;24;12/2/2014 12:35;2;12
13293;27;100;12,4878;12,4881;41,9097;41,91;12,48795;41,90985;12,48797657;41,9098314;31;2;10,88;36;27;12/2/2014 12:35;2;12
8736;26;66;12,4875;12,4878;41,8995;41,8998;12,48765;41,89965;12,48758305;41,89974569;8;2;6,82;40,88;24;12/2/2014 12:35;2;12
8870;26;67;12,4875;12,4878;41,8998;41,9001;12,48765;41,89995;12,48773263;41,89985352;8;2;6,81;40,95;24;12/2/2014 12:35;2;12
8703;127;65;12,5178;12,5181;41,8992;41,8995;12,51795;41,89935;12,51786895;41,89923485;4;1;22,67;24,41;24;12/2/2014 12:35;2;12
13092;94;98;12,5079;12,5082;41,9091;41,9094;12,50805;41,90925;12,5080852;41,90921602;10;2;15,85;21,49;20;12/2/2014 12:35;2;12
13397;131;100;12,519;12,5193;41,9097;41,91;12,51915;41,90985;12,51915189;41,90990009;5;1;26;26;26;12/2/2014 12:35;2;12
13070;72;98;12,5013;12,5016;41,9091;41,9094;12,50145;41,90925;12,50146082;41,90925641;21;3;0,5;47,43;25;12/2/2014 12:35;2;12
8601;25;65;12,4872;12,4875;41,8992;41,8995;12,48735;41,89935;12,48722508;41,89948173;5;2;6,87;40,5;34;12/2/2014 12:35;2;12
9005;27;68;12,4878;12,4881;41,9001;41,9004;12,48795;41,90025;12,48807888;41,90010452;2;2;6,79;40,55;24;12/2/2014 12:35;2;12
8871;27;67;12,4878;12,4881;41,8998;41,9001;12,48795;41,89995;12,4879263;41,89999975;16;2;6,79;41;26;12/2/2014 12:35;2;12
9006;28;68;12,4881;12,4884;41,9001;41,9004;12,48825;41,90025;12,48824711;41,90022469;16;2;6,78;40,53;24;12/2/2014 12:35;2;12
2032;22;16;12,4863;12,4866;41,8845;41,8848;12,48645;41,88465;12,48637223;41,88452721;2;1;32;33,75;33;12/2/2014 12:35;2;12
8368;60;63;12,4977;12,498;41,8986;41,8989;12,49785;41,89875;12,49772915;41,89889996;2;1;24,81;30,3;28;12/2/2014 12:35;2;12
8502;60;64;12,4977;12,498;41,8989;41,8992;12,49785;41,89905;12,49787771;41,89903861;16;1;24,85;30,28;28;12/2/2014 12:35;2;12
13398;132;100;12,5193;12,5196;41,9097;41,91;12,51945;41,90985;12,51943914;41,90982723;7;1;26;26;26;12/2/2014 12:35;2;12
8569;127;64;12,5178;12,5181;41,8989;41,8992;12,51795;41,89905;12,51799234;41,89909045;6;1;21,33;22,45;22;12/2/2014 12:35;2;12
1898;22;15;12,4863;12,4866;41,8842;41,8845;12,48645;41,88435;12,48650058;41,88444901;4;1;27,33;30,83;29;12/2/2014 12:35;2;12
7118;16;54;12,4845;12,4848;41,8959;41,8962;12,48465;41,89605;12,48469858;41,89603871;11;1;16,02;17,97;17;12/2/2014 12:35;2;12
8570;128;64;12,5181;12,5184;41,8989;41,8992;12,51825;41,89905;12,51813221;41,89894104;2;1;20,89;21,11;21;12/2/2014 12:35;2;12
9007;29;68;12,4884;12,4887;41,9001;41,9004;12,48855;41,90025;12,48854116;41,90033244;18;3;3,25;40,43;22;12/2/2014 12:35;2;12
9141;29;69;12,4884;12,4887;41,9004;41,9007;12,48855;41,90055;12,48857059;41,90047118;15;3;3,92;40,33;22;12/2/2014 12:35;2;12
1899;23;15;12,4866;12,4869;41,8842;41,8845;12,48675;41,88435;12,48672522;41,88430808;9;1;19,25;26,17;22;12/2/2014 12:35;2;12
17794;106;133;12,5115;12,5118;41,9196;41,9199;12,51165;41,91975;12,51164865;41,91982612;6;1;30,37;30,71;31;12/2/2014 12:35;2;12
9008;30;68;12,4887;12,489;41,9001;41,9004;12,48885;41,90025;12,48876068;41,9001619;8;1;3,02;39,79;21;12/2/2014 12:35;2;12
5902;6;45;12,4815;12,4818;41,8932;41,8935;12,48165;41,89335;12,48157746;41,89338493;4;1;22,78;22,88;23;12/2/2014 12:35;2;12
8436;128;63;12,5181;12,5184;41,8986;41,8989;12,51825;41,89875;12,51828354;41,89878192;8;1;20;24,8;21;12/2/2014 12:35;2;12
8874;30;67;12,4887;12,489;41,8998;41,9001;12,48885;41,89995;12,48892474;41,90002002;11;1;2,74;40,05;23;12/2/2014 12:35;2;12
9142;30;69;12,4887;12,489;41,9004;41,9007;12,48885;41,90055;12,4888035;41,9006261;19;3;4,94;40,14;18;12/2/2014 12:35;2;12
8981;3;68;12,4806;12,4809;41,9001;41,9004;12,48075;41,90025;12,4807456;41,90023422;7;1;26;27,4;27;12/2/2014 12:35;2;12
16261;47;122;12,4938;12,4941;41,9163;41,9166;12,49395;41,91645;12,49398883;41,91645537;6;1;23,89;23,91;24;12/2/2014 12:35;2;12
13399;133;100;12,5196;12,5199;41,9097;41,91;12,51975;41,90985;12,51974405;41,90974799;8;1;25,9;26;26;12/2/2014 12:35;2;12
8741;31;66;12,489;12,4893;41,8995;41,8998;12,48915;41,89965;12,48924124;41,89975272;9;1;1,18;41,02;27;12/2/2014 12:35;2;12
8847;3;67;12,4806;12,4809;41,8998;41,9001;12,48075;41,89995;12,4808564;41,89997464;7;1;16,33;23,67;20;12/2/2014 12:35;2;12
8875;31;67;12,489;12,4893;41,8998;41,9001;12,48915;41,89995;12,48909278;41,89987352;15;1;2,46;40,31;27;12/2/2014 12:35;2;12
8437;129;63;12,5184;12,5187;41,8986;41,8989;12,51855;41,89875;12,51843929;41,89860916;1;1;26,4;26,4;26;12/2/2014 12:35;2;12
16520;38;124;12,4911;12,4914;41,9169;41,9172;12,49125;41,91705;12,49131872;41,91713071;5;1;10;33,33;27;12/2/2014 12:35;2;12
8848;4;67;12,4809;12,4812;41,8998;41,9001;12,48105;41,89995;12,48091542;41,89987957;2;1;15,67;19;17;12/2/2014 12:35;2;12
8303;129;62;12,5184;12,5187;41,8983;41,8986;12,51855;41,89845;12,5185895;41,89844455;8;1;26,6;28;27;12/2/2014 12:35;2;12
10337;19;78;12,4854;12,4857;41,9031;41,9034;12,48555;41,90325;12,48552942;41,90323448;6;1;16,77;17,21;17;12/2/2014 12:35;2;12
10471;19;79;12,4854;12,4857;41,9034;41,9037;12,48555;41,90355;12,48555306;41,9035462;7;1;17,3;18,23;18;12/2/2014 12:35;2;12
16127;47;121;12,4938;12,4941;41,916;41,9163;12,49395;41,91615;12,49406672;41,91622861;4;1;23,92;23,93;24;12/2/2014 12:35;2;12
10605;19;80;12,4854;12,4857;41,9037;41,904;12,48555;41,90385;12,48562733;41,90387185;6;1;18,54;19,06;19;12/2/2014 12:35;2;12
10739;19;81;12,4854;12,4857;41,904;41,9043;12,48555;41,90415;12,48568964;41,90406418;2;1;19,16;19,78;19;12/2/2014 12:35;2;12
10740;20;81;12,4857;12,486;41,904;41,9043;12,48585;41,90415;12,48573919;41,90421136;4;1;19,83;19,99;20;12/2/2014 12:35;2;12
10874;20;82;12,4857;12,486;41,9043;41,9046;12,48585;41,90445;12,48582617;41,90445964;7;1;20,04;20,36;20;12/2/2014 12:35;2;12
8503;61;64;12,498;12,4983;41,8989;41,8992;12,49815;41,89905;12,49814075;41,89913819;7;1;25,2;30,16;29;12/2/2014 12:35;2;12
11008;20;83;12,4857;12,486;41,9046;41,9049;12,48585;41,90475;12,48592313;41,90465291;3;1;20,41;21,65;21;12/2/2014 12:35;2;12
10875;21;82;12,486;12,4863;41,9043;41,9046;12,48615;41,90445;12,48617991;41,90452735;7;1;21,75;22,06;22;12/2/2014 12:35;2;12
11009;21;83;12,486;12,4863;41,9046;41,9049;12,48615;41,90475;12,48602001;41,90461763;1;1;21,7;21,7;22;12/2/2014 12:35;2;12
10742;22;81;12,4863;12,4866;41,904;41,9043;12,48645;41,90415;12,48658347;41,90429783;1;1;22,5;22,5;23;12/2/2014 12:35;2;12
10876;22;82;12,4863;12,4866;41,9043;41,9046;12,48645;41,90445;12,48644038;41,90438;6;1;22,11;22,42;22;12/2/2014 12:35;2;12
10743;23;81;12,4866;12,4869;41,904;41,9043;12,48675;41,90415;12,48674795;41,90420341;7;1;22,58;23,1;23;12/2/2014 12:35;2;12
8304;130;62;12,5187;12,519;41,8983;41,8986;12,51885;41,89845;12,51871014;41,89831924;2;1;23,75;28;26;12/2/2014 12:35;2;12
10744;24;81;12,4869;12,4872;41,904;41,9043;12,48705;41,90415;12,48699029;41,9040699;5;1;23,2;23,61;23;12/2/2014 12:35;2;12
10610;24;80;12,4869;12,4872;41,9037;41,904;12,48705;41,90385;12,48715496;41,90397453;3;1;23,72;23,93;24;12/2/2014 12:35;2;12
10611;25;80;12,4872;12,4875;41,9037;41,904;12,48735;41,90385;12,487361;41,90385628;7;1;24,04;24,35;24;12/2/2014 12:35;2;12
10478;26;79;12,4875;12,4878;41,9034;41,9037;12,48765;41,90355;12,48772678;41,90365677;3;1;24,55;24,64;25;12/2/2014 12:35;2;12
10612;26;80;12,4875;12,4878;41,9037;41,904;12,48765;41,90385;12,48758459;41,90373421;4;1;24,39;24,51;24;12/2/2014 12:35;2;12
8170;130;61;12,5187;12,519;41,898;41,8983;12,51885;41,89815;12,51886427;41,8981501;8;1;14,64;23,04;20;12/2/2014 12:35;2;12
16128;48;121;12,4941;12,4944;41,916;41,9163;12,49425;41,91615;12,49411011;41,91606903;3;1;23,94;23,96;24;12/2/2014 12:35;2;12
8370;62;63;12,4983;12,4986;41,8986;41,8989;12,49845;41,89875;12,49857968;41,89887524;2;1;29,51;29,53;30;12/2/2014 12:35;2;12
8504;62;64;12,4983;12,4986;41,8989;41,8992;12,49845;41,89905;12,49841747;41,89897669;6;1;29,56;29,69;30;12/2/2014 12:35;2;12
8371;63;63;12,4986;12,4989;41,8986;41,8989;12,49875;41,89875;12,49874612;41,89877383;6;1;29,2;29,49;29;12/2/2014 12:35;2;12
8238;64;62;12,4989;12,4992;41,8983;41,8986;12,49905;41,89845;12,49910818;41,8985499;4;1;28,77;28,81;29;12/2/2014 12:35;2;12
8372;64;63;12,4989;12,4992;41,8986;41,8989;12,49905;41,89875;12,49897305;41,89863396;3;1;28,82;29,1;29;12/2/2014 12:35;2;12
8239;65;62;12,4992;12,4995;41,8983;41,8986;12,49935;41,89845;12,4993436;41,89840766;8;1;28,66;28,75;29;12/2/2014 12:35;2;12
8240;66;62;12,4995;12,4998;41,8983;41,8986;12,49965;41,89845;12,49952017;41,89830099;1;1;28,64;28,64;29;12/2/2014 12:35;2;12
8106;66;61;12,4995;12,4998;41,898;41,8983;12,49965;41,89815;12,49968965;41,89819717;7;1;27,87;28,63;28;12/2/2014 12:35;2;12
8107;67;61;12,4998;12,5001;41,898;41,8983;12,49995;41,89815;12,49986962;41,89805331;7;1;26,54;27,68;27;12/2/2014 12:35;2;12
7973;67;60;12,4998;12,5001;41,8977;41,898;12,49995;41,89785;12,49999265;41,89796029;5;1;26,14;26,35;26;12/2/2014 12:35;2;12
7974;68;60;12,5001;12,5004;41,8977;41,898;12,50025;41,89785;12,50024444;41,89780387;8;1;26,09;26,13;26;12/2/2014 12:35;2;12
7841;69;59;12,5004;12,5007;41,8974;41,8977;12,50055;41,89755;12,50055908;41,89760813;8;1;26,04;26,08;26;12/2/2014 12:35;2;12
7708;70;58;12,5007;12,501;41,8971;41,8974;12,50085;41,89725;12,50095239;41,89736347;2;1;25,99;26;26;12/2/2014 12:35;2;12
7842;70;59;12,5007;12,501;41,8974;41,8977;12,50085;41,89755;12,50081473;41,8974491;5;1;26;26,03;26;12/2/2014 12:35;2;12
7575;71;57;12,501;12,5013;41,8968;41,8971;12,50115;41,89695;12,50102316;41,89709963;1;1;25,55;25,55;26;12/2/2014 12:35;2;12
7709;71;58;12,501;12,5013;41,8971;41,8974;12,50115;41,89725;12,50108203;41,89723452;7;1;25,56;25,98;26;12/2/2014 12:35;2;12
13091;93;98;12,5076;12,5079;41,9091;41,9094;12,50775;41,90925;12,50775002;41,90913239;6;1;21;21,01;21;12/2/2014 12:35;2;12
7574;70;57;12,5007;12,501;41,8968;41,8971;12,50085;41,89695;12,50086239;41,89693614;9;1;25,44;25,54;25;12/2/2014 12:35;2;12
6702;2;51;12,4803;12,4806;41,895;41,8953;12,48045;41,89515;12,48044543;41,89503125;9;1;19,76;20,73;20;12/2/2014 12:35;2;12
13723;55;103;12,4962;12,4965;41,9106;41,9109;12,49635;41,91075;12,49635468;41,91088618;6;1;17,08;17,09;17;12/2/2014 12:35;2;12
13724;56;103;12,4965;12,4968;41,9106;41,9109;12,49665;41,91075;12,49664846;41,91087756;7;1;17,1;17,11;17;12/2/2014 12:35;2;12
13725;57;103;12,4968;12,4971;41,9106;41,9109;12,49695;41,91075;12,49694252;41,91086969;6;1;17,11;17,13;17;12/2/2014 12:35;2;12
13726;58;103;12,4971;12,4974;41,9106;41,9109;12,49725;41,91075;12,49723806;41,91086559;7;1;17,13;17,15;17;12/2/2014 12:35;2;12
13727;59;103;12,4974;12,4977;41,9106;41,9109;12,49755;41,91075;12,4975565;41,91086159;7;1;17,15;17,17;17;12/2/2014 12:35;2;12
13728;60;103;12,4977;12,498;41,9106;41,9109;12,49785;41,91075;12,49786487;41,91085826;6;1;17,17;17,25;17;12/2/2014 12:35;2;12
7571;67;57;12,4998;12,5001;41,8968;41,8971;12,49995;41,89695;12,49996471;41,89699364;6;1;24,84;25,03;25;12/2/2014 12:35;2;12
7438;68;56;12,5001;12,5004;41,8965;41,8968;12,50025;41,89665;12,50036027;41,89679865;1;1;25,13;25,13;25;12/2/2014 12:35;2;12
7572;68;57;12,5001;12,5004;41,8968;41,8971;12,50025;41,89695;12,50021494;41,89686849;6;1;25,04;25,12;25;12/2/2014 12:35;2;12
7439;69;56;12,5004;12,5007;41,8965;41,8968;12,50055;41,89665;12,50052901;41,8967304;7;1;25,15;25,41;25;12/2/2014 12:35;2;12
7440;70;56;12,5007;12,501;41,8965;41,8968;12,50085;41,89665;12,50070163;41,89677266;1;1;25,42;25,42;25;12/2/2014 12:35;2;12
12957;93;97;12,5076;12,5079;41,9088;41,9091;12,50775;41,90895;12,50763988;41,90909958;2;1;20,25;21;21;12/2/2014 12:35;2;12
17452;32;131;12,4893;12,4896;41,919;41,9193;12,48945;41,91915;12,48944812;41,91921274;6;1;29,99;30,8;30;12/2/2014 12:35;2;12
17453;33;131;12,4896;12,4899;41,919;41,9193;12,48975;41,91915;12,48973498;41,91912723;7;1;30,97;31,94;31;12/2/2014 12:35;2;12
13466;66;101;12,4995;12,4998;41,91;41,9103;12,49965;41,91015;12,4996941;41,91024968;5;1;17,81;17,81;18;12/2/2014 12:35;2;12
13334;68;100;12,5001;12,5004;41,9097;41,91;12,50025;41,90985;12,50030219;41,90994485;5;1;17,82;17,83;18;12/2/2014 12:35;2;12
12806;76;96;12,5025;12,5028;41,9085;41,9088;12,50265;41,90865;12,50256443;41,90852928;2;1;18,14;18,2;18;12/2/2014 12:35;2;12
12956;92;97;12,5073;12,5076;41,9088;41,9091;12,50745;41,90895;12,5074611;41,90905177;7;1;19,9;20,2;20;12/2/2014 12:35;2;12
17793;105;133;12,5112;12,5115;41,9196;41,9199;12,51135;41,91975;12,51147461;41,91988373;1;1;30,24;30,24;30;12/2/2014 12:35;2;12
9980;64;75;12,4989;12,4992;41,9022;41,9025;12,49905;41,90235;12,49906643;41,90231616;16;2;13,04;32,67;21;12/2/2014 12:35;2;12
17451;31;131;12,489;12,4893;41,919;41,9193;12,48915;41,91915;12,48922746;41,91927851;4;1;29,34;29,83;30;12/2/2014 12:35;2;12
12955;91;97;12,507;12,5073;41,9088;41,9091;12,50715;41,90895;12,50714823;41,9089681;7;1;19,55;19,85;20;12/2/2014 12:35;2;12
16788;38;126;12,4911;12,4914;41,9175;41,9178;12,49125;41,91765;12,49129235;41,91762231;7;1;8,18;24,55;16;12/2/2014 12:35;2;12
17584;30;132;12,4887;12,489;41,9193;41,9196;12,48885;41,91945;12,48885234;41,91939032;7;1;27,71;28,69;28;12/2/2014 12:35;2;12
17585;31;132;12,489;12,4893;41,9193;41,9196;12,48915;41,91945;12,489073;41,91932455;3;1;28,85;29,17;29;12/2/2014 12:35;2;12
12675;79;95;12,5034;12,5037;41,9082;41,9085;12,50355;41,90835;12,50342941;41,90821075;1;1;18,97;18,97;19;12/2/2014 12:35;2;12
12542;80;94;12,5037;12,504;41,9079;41,9082;12,50385;41,90805;12,50387454;41,90814209;6;1;19,16;19,2;19;12/2/2014 12:35;2;12
12818;88;96;12,5061;12,5064;41,9085;41,9088;12,50625;41,90865;12,50624758;41,90872517;6;1;19,14;19,24;19;12/2/2014 12:35;2;12
12819;89;96;12,5064;12,5067;41,9085;41,9088;12,50655;41,90865;12,50644445;41,90877838;3;1;19,26;19,29;19;12/2/2014 12:35;2;12
12953;89;97;12,5064;12,5067;41,9088;41,9091;12,50655;41,90895;12,50659758;41,90881977;4;1;19,31;19,37;19;12/2/2014 12:35;2;12
12954;90;97;12,5067;12,507;41,9088;41,9091;12,50685;41,90895;12,5068382;41,90888481;7;1;19,39;19,5;19;12/2/2014 12:35;2;12
9845;63;74;12,4986;12,4989;41,9019;41,9022;12,49875;41,90205;12,49873902;41,90207633;13;2;13,77;44,67;30;12/2/2014 12:35;2;12
12543;81;94;12,504;12,5043;41,9079;41,9082;12,50415;41,90805;12,50417839;41,9080925;7;1;19,2;19,51;19;12/2/2014 12:35;2;12
12817;87;96;12,5058;12,5061;41,9085;41,9088;12,50595;41,90865;12,50596321;41,9086483;7;1;19,01;19,12;19;12/2/2014 12:35;2;12
8475;33;64;12,4896;12,4899;41,8989;41,8992;12,48975;41,89905;12,48988071;41,89919897;1;1;33,76;33,76;34;12/2/2014 12:35;2;12
12410;82;93;12,5043;12,5046;41,9076;41,9079;12,50445;41,90775;12,50457501;41,90786648;2;1;20,02;20,05;20;12/2/2014 12:35;2;12
12544;82;94;12,5043;12,5046;41,9079;41,9082;12,50445;41,90805;12,50441849;41,90799665;8;1;19,57;19,99;20;12/2/2014 12:35;2;12
12681;85;95;12,5052;12,5055;41,9082;41,9085;12,50535;41,90835;12,50530696;41,90847092;5;1;18,75;18,83;19;12/2/2014 12:35;2;12
12815;85;96;12,5052;12,5055;41,9085;41,9088;12,50535;41,90865;12,50546008;41,90851231;2;1;18,84;18,86;19;12/2/2014 12:35;2;12
12816;86;96;12,5055;12,5058;41,9085;41,9088;12,50565;41,90865;12,50565696;41,90856552;7;1;18,88;18,99;19;12/2/2014 12:35;2;12
17583;29;132;12,4884;12,4887;41,9193;41,9196;12,48855;41,91945;12,48853413;41,91948086;7;1;23;26,92;25;12/2/2014 12:35;2;12
9846;64;74;12,4989;12,4992;41,9019;41,9022;12,49905;41,90205;12,49893475;41,90217018;4;2;19,77;38;28;12/2/2014 12:35;2;12
12411;83;93;12,5046;12,5049;41,9076;41,9079;12,50475;41,90775;12,50468377;41,90773392;7;1;20,11;20,47;20;12/2/2014 12:35;2;12
12277;83;92;12,5046;12,5049;41,9073;41,9076;12,50475;41,90745;12,5048378;41,9074646;7;1;20,53;20,55;21;12/2/2014 12:35;2;12
12010;84;90;12,5049;12,5052;41,9067;41,907;12,50505;41,90685;12,50512632;41,90684382;7;1;20,59;20,63;21;12/2/2014 12:35;2;12
12144;84;91;12,5049;12,5052;41,907;41,9073;12,50505;41,90715;12,50498276;41,9071537;8;1;20,56;20,59;21;12/2/2014 12:35;2;12
12680;84;95;12,5049;12,5052;41,9082;41,9085;12,50505;41,90835;12,50506131;41,90840721;6;1;17,25;18,6;18;12/2/2014 12:35;2;12
11877;85;89;12,5052;12,5055;41,9064;41,9067;12,50535;41,90655;12,50527003;41,90654146;7;1;20,64;20,83;21;12/2/2014 12:35;2;12
6703;3;51;12,4806;12,4809;41,895;41,8953;12,48075;41,89515;12,48076668;41,89503021;5;1;19,41;19,73;20;12/2/2014 12:35;2;12
9981;65;75;12,4992;12,4995;41,9022;41,9025;12,49935;41,90235;12,49933354;41,90237387;13;2;20,13;27,6;23;12/2/2014 12:35;2;12
11743;85;88;12,5052;12,5055;41,9061;41,9064;12,50535;41,90625;12,50539997;41,90623538;9;1;20,89;21,7;21;12/2/2014 12:35;2;12
6570;4;50;12,4809;12,4812;41,8947;41,895;12,48105;41,89485;12,48096116;41,89493752;3;1;19,23;19,36;19;12/2/2014 12:36;2;12
13205;73;99;12,5016;12,5019;41,9094;41,9097;12,50175;41,90955;12,50177956;41,90945053;1;1;28,89;28,89;29;12/2/2014 12:36;2;12
11472;82;86;12,5043;12,5046;41,9055;41,9058;12,50445;41,90565;12,50456055;41,90562999;4;1;21,51;21,6;22;12/2/2014 12:36;2;12
11339;83;85;12,5046;12,5049;41,9052;41,9055;12,50475;41,90535;12,50479043;41,90539202;7;1;21,46;21,47;21;12/2/2014 12:36;2;12
11473;83;86;12,5046;12,5049;41,9055;41,9058;12,50475;41,90565;12,5046904;41,90568193;7;1;21,48;21,62;22;12/2/2014 12:36;2;12
11607;83;87;12,5046;12,5049;41,9058;41,9061;12,50475;41,90595;12,50485164;41,90582948;2;1;21,62;21,63;22;12/2/2014 12:36;2;12
11206;84;84;12,5049;12,5052;41,9049;41,9052;12,50505;41,90505;12,50511509;41,90512483;5;1;21,44;21,45;21;12/2/2014 12:36;2;12
11340;84;85;12,5049;12,5052;41,9052;41,9055;12,50505;41,90535;12,5049708;41,90524358;3;1;21,45;21,46;21;12/2/2014 12:36;2;12
11608;84;87;12,5049;12,5052;41,9058;41,9061;12,50505;41,90595;12,50504639;41,90595095;8;1;21,63;21,65;22;12/2/2014 12:36;2;12
11073;85;83;12,5052;12,5055;41,9046;41,9049;12,50535;41,90475;12,50544148;41,90487675;3;1;21,41;21,42;21;12/2/2014 12:36;2;12
11207;85;84;12,5052;12,5055;41,9049;41,9052;12,50535;41,90505;12,50529546;41,90497639;5;1;21,43;21,44;21;12/2/2014 12:36;2;12
11609;85;87;12,5052;12,5055;41,9058;41,9061;12,50535;41,90595;12,50524114;41,90607242;2;1;21,65;21,66;22;12/2/2014 12:36;2;12
11208;86;84;12,5055;12,5058;41,9049;41,9052;12,50565;41,90505;12,50564599;41,90499592;7;1;21,36;21,41;21;12/2/2014 12:36;2;12
11476;86;86;12,5055;12,5058;41,9055;41,9058;12,50565;41,90565;12,50573413;41,90568225;6;1;21,18;21,23;21;12/2/2014 12:36;2;12
11610;86;87;12,5055;12,5058;41,9058;41,9061;12,50565;41,90595;12,50559673;41,90597115;5;1;21,06;21,15;21;12/2/2014 12:36;2;12
11744;86;88;12,5055;12,5058;41,9061;41,9064;12,50565;41,90625;12,50551939;41,90614796;2;1;21,03;21,04;21;12/2/2014 12:36;2;12
11209;87;84;12,5058;12,5061;41,9049;41,9052;12,50595;41,90505;12,50588238;41,9051528;4;1;21,3;21,34;21;12/2/2014 12:36;2;12
11343;87;85;12,5058;12,5061;41,9052;41,9055;12,50595;41,90535;12,50587988;41,90535736;6;1;21,25;21,29;21;12/2/2014 12:36;2;12
11477;87;86;12,5058;12,5061;41,9055;41,9058;12,50595;41,90565;12,50580978;41,90551758;1;1;21,24;21,24;21;12/2/2014 12:36;2;12
11813;21;89;12,486;12,4863;41,9064;41,9067;12,48615;41,90655;12,48628674;41,90640755;1;1;40,53;40,53;41;12/2/2014 12:35;-1;12
11814;22;89;12,4863;12,4866;41,9064;41,9067;12,48645;41,90655;12,48646374;41,90645447;7;1;40,54;40,64;41;12/2/2014 12:35;-1;12
11815;23;89;12,4866;12,4869;41,9064;41,9067;12,48675;41,90655;12,48675137;41,90653071;6;1;40,66;40,74;41;12/2/2014 12:35;-1;12
11816;24;89;12,4869;12,4872;41,9064;41,9067;12,48705;41,90655;12,48703899;41,90660696;7;1;40,76;40,86;41;12/2/2014 12:35;-1;12
11817;25;89;12,4872;12,4875;41,9064;41,9067;12,48735;41,90655;12,48728237;41,90667148;4;1;40,87;40,92;41;12/2/2014 12:35;-1;12
11951;25;90;12,4872;12,4875;41,9067;41,907;12,48735;41,90685;12,48743725;41,90671253;3;1;40,94;40,97;41;12/2/2014 12:35;-1;12
11952;26;90;12,4875;12,4878;41,9067;41,907;12,48765;41,90685;12,4876585;41,90677118;7;1;40,99;41,09;41;12/2/2014 12:35;-1;12
11953;27;90;12,4878;12,4881;41,9067;41,907;12,48795;41,90685;12,48794701;41,90684756;6;1;41,1;41,25;41;12/2/2014 12:35;-1;12
11954;28;90;12,4881;12,4884;41,9067;41,907;12,48825;41,90685;12,48823797;41,90692429;7;1;41,28;41,47;41;12/2/2014 12:35;-1;12
11955;29;90;12,4884;12,4887;41,9067;41,907;12,48855;41,90685;12,48846186;41,90698333;3;1;41,5;41,56;42;12/2/2014 12:35;-1;12
12089;29;91;12,4884;12,4887;41,907;41,9073;12,48855;41,90715;12,48861858;41,90702466;4;1;41,59;41,69;42;12/2/2014 12:35;-1;12
12091;31;91;12,489;12,4893;41,907;41,9073;12,48915;41,90715;12,48915216;41,90716771;6;1;41,94;42,09;42;12/2/2014 12:35;-1;12
12092;32;91;12,4893;12,4896;41,907;41,9073;12,48945;41,90715;12,48943996;41,90724564;7;1;42,13;42,31;42;12/2/2014 12:35;-1;12
12093;33;91;12,4896;12,4899;41,907;41,9073;12,48975;41,90715;12,48961708;41,90729359;1;1;42,35;42,35;42;12/2/2014 12:35;-1;12
17196;44;129;12,4929;12,4932;41,9184;41,9187;12,49305;41,91855;12,49317296;41,91863988;3;1;38,9;40;39;12/2/2014 12:35;-1;12
17330;44;130;12,4929;12,4932;41,9187;41,919;12,49305;41,91885;12,49307966;41,91885033;6;1;38,3;38,8;39;12/2/2014 12:35;-1;12
17464;44;131;12,4929;12,4932;41,919;41,9193;12,49305;41,91915;12,49295727;41,91911778;6;1;37,67;38,2;38;12/2/2014 12:35;-1;12
17463;43;131;12,4926;12,4929;41,919;41,9193;12,49275;41,91915;12,4928805;41,91926744;1;1;37,56;37,56;38;12/2/2014 12:35;-1;12
17503;83;131;12,5046;12,5049;41,919;41,9193;12,50475;41,91915;12,50480938;41,91905999;4;1;39,22;42,12;41;12/2/2014 12:35;-1;12
2693;13;21;12,4836;12,4839;41,886;41,8863;12,48375;41,88615;12,48369206;41,8860889;5;1;41,88;42,81;42;12/2/2014 12:35;-1;12
2559;13;20;12,4836;12,4839;41,8857;41,886;12,48375;41,88585;12,48383405;41,88597022;3;1;41,18;41,64;41;12/2/2014 12:35;-1;12
2560;14;20;12,4839;12,4842;41,8857;41,886;12,48405;41,88585;12,48406855;41,88580026;9;1;37;40,76;39;12/2/2014 12:35;-1;12
12090;30;91;12,4887;12,489;41,907;41,9073;12,48885;41,90715;12,48882359;41,9071224;13;2;30,95;41,91;38;12/2/2014 12:35;-1;12
2561;15;20;12,4842;12,4845;41,8857;41,886;12,48435;41,88585;12,48423151;41,88572843;2;1;37;39;38;12/2/2014 12:35;-1;12
2427;15;19;12,4842;12,4845;41,8854;41,8857;12,48435;41,88555;12,48436123;41,88559869;7;1;39,5;41,27;41;12/2/2014 12:35;-1;12
2428;16;19;12,4845;12,4848;41,8854;41,8857;12,48465;41,88555;12,48458481;41,88545799;4;1;41,36;41,64;42;12/2/2014 12:35;-1;12
2294;16;18;12,4845;12,4848;41,8851;41,8854;12,48465;41,88525;12,48472803;41,88536939;3;1;41,73;41,91;42;12/2/2014 12:35;-1;12
14610;4;110;12,4809;12,4812;41,9127;41,913;12,48105;41,91285;12,48117924;41,9129982;1;1;42,73;42,73;43;12/2/2014 12:35;-1;12
8477;35;64;12,4902;12,4905;41,8989;41,8992;12,49035;41,89905;12,49031513;41,8989408;9;2;25;45;38;12/2/2014 12:35;-1;12
12491;29;94;12,4884;12,4887;41,9079;41,9082;12,48855;41,90805;12,48856236;41,90793957;6;1;35,6;36,24;36;12/2/2014 12:35;-1;12
12492;30;94;12,4887;12,489;41,9079;41,9082;12,48885;41,90805;12,48884532;41,90801688;7;1;36,37;37,14;37;12/2/2014 12:35;-1;12
9804;22;74;12,4863;12,4866;41,9019;41,9022;12,48645;41,90205;12,4865139;41,90210547;6;1;37,03;38,46;38;12/2/2014 12:35;-1;12
9671;23;73;12,4866;12,4869;41,9016;41,9019;12,48675;41,90175;12,48681588;41,90184662;4;1;38,54;38,59;39;12/2/2014 12:35;-1;12
9805;23;74;12,4866;12,4869;41,9019;41,9022;12,48675;41,90205;12,48667934;41,90196527;4;1;38,47;38,52;39;12/2/2014 12:35;-1;12
9538;24;72;12,4869;12,4872;41,9013;41,9016;12,48705;41,90145;12,48714016;41,90156483;3;1;38,7;38,73;39;12/2/2014 12:35;-1;12
9672;24;73;12,4869;12,4872;41,9016;41,9019;12,48705;41,90175;12,48698655;41,90169831;6;1;38,6;38,68;39;12/2/2014 12:35;-1;12
9405;25;71;12,4872;12,4875;41,901;41,9013;12,48735;41,90115;12,48746444;41,90128303;2;1;38,86;38,88;39;12/2/2014 12:35;-1;12
9539;25;72;12,4872;12,4875;41,9013;41,9016;12,48735;41,90145;12,48731084;41,90141652;7;1;38,75;38,85;39;12/2/2014 12:35;-1;12
9406;26;71;12,4875;12,4878;41,901;41,9013;12,48765;41,90115;12,48765219;41,90111989;9;1;38,89;39,02;39;12/2/2014 12:35;-1;12
9273;27;70;12,4878;12,4881;41,9007;41,901;12,48795;41,90085;12,4879594;41,90085293;9;1;39,04;39,17;39;12/2/2014 12:35;-1;12
9140;28;69;12,4881;12,4884;41,9004;41,9007;12,48825;41,90055;12,48826662;41,90058596;7;1;39,2;39,3;39;12/2/2014 12:35;-1;12
9274;28;70;12,4881;12,4884;41,9007;41,901;12,48825;41,90085;12,48813008;41,90070461;1;1;39,19;39,19;39;12/2/2014 12:35;-1;12
2031;21;16;12,486;12,4863;41,8845;41,8848;12,48615;41,88465;12,48615467;41,88465358;7;1;35,5;43,2;39;12/2/2014 12:35;-1;12
8609;33;65;12,4896;12,4899;41,8992;41,8995;12,48975;41,89935;12,48973703;41,89931666;15;1;33,85;43,41;39;12/2/2014 12:35;-1;12
8476;34;64;12,4899;12,4902;41,8989;41,8992;12,49005;41,89905;12,49004384;41,89906678;16;1;33,03;43,99;39;12/2/2014 12:35;-1;12
8608;32;65;12,4893;12,4896;41,8992;41,8995;12,48945;41,89935;12,48955536;41,89947438;4;1;35,44;42,07;39;12/2/2014 12:35;-1;12
8742;32;66;12,4893;12,4896;41,8995;41,8998;12,48945;41,89965;12,4894104;41,89959455;12;1;35,73;41,84;39;12/2/2014 12:35;-1;12
14744;4;111;12,4809;12,4812;41,913;41,9133;12,48105;41,91315;12,48108133;41,91305351;6;1;42,18;42,64;42;12/2/2014 12:35;-1;12
16653;37;125;12,4908;12,4911;41,9172;41,9175;12,49095;41,91735;12,49104309;41,91734829;6;1;40;55,83;47;12/2/2014 12:35;-1;12
15952;6;120;12,4815;12,4818;41,9157;41,916;12,48165;41,91585;12,48159041;41,91573388;4;1;47;47,09;47;12/2/2014 12:35;-1;12
16654;38;125;12,4911;12,4914;41,9172;41,9175;12,49125;41,91735;12,49113991;41,91736642;7;1;27,27;60;41;12/2/2014 12:35;-1;12
15818;6;119;12,4815;12,4818;41,9154;41,9157;12,48165;41,91555;12,48173182;41,91568157;2;1;46,95;46,98;47;12/2/2014 12:35;-1;12
15819;7;119;12,4818;12,4821;41,9154;41,9157;12,48195;41,91555;12,4818261;41,91564669;2;1;46,89;46,92;47;12/2/2014 12:35;-1;12
